Date,Day of Week,UTS Inward,UTS Outward,UTS Total,PRS Inward,PRS Outward,PRS Total,Overall Total,Occasion / Public Holiday,Is Holiday/Festival
2022-04-01,Friday,22610,29169,51779,36804,47221,84025,135804,,No
2022-04-02,Saturday,16767,18346,35113,37238,40233,77471,112584,Ugadi (Telugu New Year),Yes
2022-04-03,Sunday,32230,18852,51082,47776,33091,80867,131949,,No
2022-04-04,Monday,44053,23503,67556,40016,37479,77495,145051,,No
2022-04-05,Tuesday,32604,20961,53565,43239,39295,82534,136099,,No
2022-04-06,Wednesday,31492,21246,52738,40813,39202,80015,132753,,No
2022-04-07,Thursday,29690,19063,48753,38922,36326,75248,124001,,No
2022-04-08,Friday,26507,18672,45179,38411,42533,80944,126123,,No
2022-04-09,Saturday,23907,19948,43855,36894,41522,78416,122271,,No
2022-04-10,Sunday,23915,18517,42432,42927,33682,76609,119041,,No
2022-04-11,Monday,33700,22452,56152,36115,39965,76080,132232,,No
2022-04-12,Tuesday,26520,20289,46809,38594,41224,79818,126627,,No
2022-04-13,Wednesday,26769,24690,51459,40244,47501,87745,139204,,No
2022-04-14,Thursday,28059,26835,54894,39925,42285,82210,137104,,No
2022-04-15,Friday,25373,23336,48709,38768,45047,83815,132524,,No
2022-04-16,Saturday,25924,24009,49933,41502,42418,83920,133853,,No
2022-04-17,Sunday,34994,23397,58391,48559,35216,83775,142166,,No
2022-04-18,Monday,37487,23014,60501,40564,41502,82066,142567,,No
2022-04-19,Tuesday,27709,20387,48096,39672,40353,80025,128121,,No
2022-04-20,Wednesday,26316,21480,47796,39092,41761,80853,128649,,No
2022-04-21,Thursday,26803,21686,48489,37776,38939,76715,125204,,No
2022-04-22,Friday,26856,22555,49411,38584,42664,81248,130659,,No
2022-04-23,Saturday,28522,27334,55856,39111,46042,85153,141009,,No
2022-04-24,Sunday,32685,25503,58188,46610,36073,82683,140871,,No
2022-04-25,Monday,36694,24625,61319,38158,40702,78860,140179,,No
2022-04-26,Tuesday,30393,21544,51937,38509,41683,80192,132129,,No
2022-04-27,Wednesday,26396,21781,48177,40087,40106,80193,128370,,No
2022-04-28,Thursday,28058,20957,49015,37315,38417,75732,124747,,No
2022-04-29,Friday,25934,20478,46412,37399,43895,81294,127706,,No
2022-04-30,Saturday,24642,25671,50313,37536,47899,85435,135748,,No
2022-05-01,Sunday,30308,27633,57941,43207,38117,81324,139265,,No
2022-05-02,Monday,33194,26571,59765,37277,43084,80361,140126,,No
2022-05-03,Tuesday,30043,22047,52090,42957,43807,86764,138854,Eid al-Fitr (Ramzan),Yes
2022-05-04,Wednesday,36199,24231,60430,44363,41137,85500,145930,,No
2022-05-05,Thursday,41440,26953,68393,42092,40344,82436,150829,,No
2022-05-06,Friday,33953,26008,59961,41844,43467,85311,145272,,No
2022-05-07,Saturday,33598,28062,61660,43035,47165,90200,151860,,No
2022-05-08,Sunday,35695,26248,61943,48987,36834,85821,147764,,No
2022-05-09,Monday,41281,28157,69438,41075,43020,84095,153533,,No
2022-05-10,Tuesday,32268,26873,59141,43476,42845,86321,145462,,No
2022-05-11,Wednesday,33878,27532,61410,42855,41821,84676,146086,,No
2022-05-12,Thursday,33063,27635,60698,41300,38976,80276,140974,,No
2022-05-13,Friday,33163,27153,60316,43004,43411,86415,146731,,No
2022-05-14,Saturday,34854,29877,64731,42506,45902,88408,153139,,No
2022-05-15,Sunday,38733,28099,66832,50040,35845,85885,152717,,No
2022-05-16,Monday,40836,28566,69402,40966,39427,80393,149795,,No
2022-05-17,Tuesday,32520,25652,58172,43282,41467,84749,142921,,No
2022-05-18,Wednesday,35060,27419,62479,44584,41332,85916,148395,,No
2022-05-19,Thursday,35524,28826,64350,42315,40197,82512,146862,,No
2022-05-20,Friday,35377,29614,64991,41690,43595,85285,150276,,No
2022-05-21,Saturday,34995,32033,67028,42863,45115,87978,155006,,No
2022-05-22,Sunday,41179,28309,69488,49237,36222,85459,154947,,No
2022-05-23,Monday,42917,31807,74724,42624,40572,83196,157920,,No
2022-05-24,Tuesday,36852,32492,69344,44416,43237,87653,156997,,No
2022-05-25,Wednesday,39984,31620,71604,45806,40997,86803,158407,,No
2022-05-26,Thursday,39435,29750,69185,43682,38035,81717,150902,,No
2022-05-27,Friday,38486,27444,65930,41282,40272,81554,147484,,No
2022-05-28,Saturday,39005,31123,70128,44398,45470,89868,159996,,No
2022-05-29,Sunday,40846,27538,68384,49371,35858,85229,153613,,No
2022-05-30,Monday,41557,29907,71464,41700,39025,80725,152189,,No
2022-05-31,Tuesday,36731,31024,67755,44273,42583,86856,154611,,No
2022-06-01,Wednesday,41909,32704,74613,44832,40992,85824,160437,,No
2022-06-02,Thursday,42159,32239,74398,44599,37778,82377,156775,,No
2022-06-03,Friday,39858,29868,69726,42545,41211,83756,153482,,No
2022-06-04,Saturday,41181,34149,75330,44665,44904,89569,164899,,No
2022-06-05,Sunday,45252,32836,78088,50048,35609,85657,163745,,No
2022-06-06,Monday,52398,34897,87295,42164,40482,82646,169941,,No
2022-06-07,Tuesday,38441,32570,71011,43204,41454,84658,155669,,No
2022-06-08,Wednesday,37879,32661,70540,45427,40464,85891,156431,,No
2022-06-09,Thursday,42090,34560,76650,43742,38821,82563,159213,,No
2022-06-10,Friday,41807,33563,75370,43606,42747,86353,161723,,No
2022-06-11,Saturday,42120,39035,81155,46022,45733,91755,172910,,No
2022-06-12,Sunday,46093,35336,81429,51643,36114,87757,169186,,No
2022-06-13,Monday,52296,37976,90272,42283,40804,83087,173359,,No
2022-06-14,Tuesday,41434,33161,74595,43414,42353,85767,160362,,No
2022-06-15,Wednesday,40996,33020,74016,44036,40292,84328,158344,,No
2022-06-16,Thursday,38886,33292,72178,42662,38021,80683,152861,,No
2022-06-17,Friday,23842,12546,36388,37403,28508,65911,102299,,No
2022-06-18,Saturday,22932,21423,44355,32644,37800,70444,114799,,No
2022-06-19,Sunday,32167,23518,55685,41021,32467,73488,129173,,No
2022-06-20,Monday,40113,29660,69773,37655,35529,73184,142957,,No
2022-06-21,Tuesday,32427,28272,60699,35767,38134,73901,134600,,No
2022-06-22,Wednesday,35114,28900,64014,42045,36908,78953,142967,,No
2022-06-23,Thursday,36314,29263,65577,40998,35154,76152,141729,,No
2022-06-24,Friday,36578,28580,65158,39716,39404,79120,144278,,No
2022-06-25,Saturday,36618,32460,69078,40464,41501,81965,151043,,No
2022-06-26,Sunday,40768,29490,70258,47012,32755,79767,150025,,No
2022-06-27,Monday,39863,29996,69859,37269,34936,72205,142064,,No
2022-06-28,Tuesday,30376,25194,55570,35396,36239,71635,127205,,No
2022-06-29,Wednesday,31463,24543,56006,37182,34648,71830,127836,,No
2022-06-30,Thursday,32756,30114,62870,35939,34977,70916,133786,,No
2022-07-01,Friday,35807,28580,64387,36677,38690,75367,139754,,No
2022-07-02,Saturday,38701,32168,70869,37000,40480,77480,148349,,No
2022-07-03,Sunday,39914,31223,71137,40582,32939,73521,144658,,No
2022-07-04,Monday,44498,32040,76538,36389,35397,71786,148324,,No
2022-07-05,Tuesday,41353,31579,72932,34417,37838,72255,145187,,No
2022-07-06,Wednesday,40557,30053,70610,36020,36421,72441,143051,,No
2022-07-07,Thursday,37733,30273,68006,34865,34223,69088,137094,,No
2022-07-08,Friday,34801,29971,64772,36901,40641,77542,142314,,No
2022-07-09,Saturday,31702,32825,64527,35770,39424,75194,139721,,No
2022-07-10,Sunday,27312,22555,49867,39297,30720,70017,119884,Eid al-Adha (Bakrid),Yes
2022-07-11,Monday,35948,28860,64808,34879,34487,69366,134174,,No
2022-07-12,Tuesday,29225,24382,53607,33562,33066,66628,120235,,No
2022-07-13,Wednesday,29794,23655,53449,35120,30250,65370,118819,,No
2022-07-14,Thursday,33067,25140,58207,33913,29349,63262,121469,,No
2022-07-15,Friday,33081,24436,57517,36358,35034,71392,128909,,No
2022-07-16,Saturday,39154,27335,66489,36884,36793,73677,140166,,No
2022-07-17,Sunday,45075,32040,77115,42718,30812,73530,150645,,No
2022-07-18,Monday,46973,32032,79005,34937,32557,67494,146499,,No
2022-07-19,Tuesday,37498,30553,68051,32191,33002,65193,133244,,No
2022-07-20,Wednesday,38032,28230,66262,35209,32275,67484,133746,,No
2022-07-21,Thursday,38301,28675,66976,35810,31094,66904,133880,,No
2022-07-22,Friday,37984,25184,63168,38719,36709,75428,138596,,No
2022-07-23,Saturday,43331,31863,75194,37617,38732,76349,151543,,No
2022-07-24,Sunday,38443,27436,65879,42425,31751,74176,140055,,No
2022-07-25,Monday,43773,34132,77905,36827,35285,72112,150017,,No
2022-07-26,Tuesday,39539,35139,74678,32937,34314,67251,141929,,No
2022-07-27,Wednesday,36297,30508,66805,34399,32047,66446,133251,,No
2022-07-28,Thursday,32991,29918,62909,32155,30743,62898,125807,,No
2022-07-29,Friday,35307,29842,65149,36284,38082,74366,139515,,No
2022-07-30,Saturday,38568,36008,74576,36872,41140,78012,152588,,No
2022-07-31,Sunday,41651,36648,78299,42001,33664,75665,153964,,No
2022-08-01,Monday,43915,36231,80146,35222,35830,71052,151198,,No
2022-08-02,Tuesday,39429,32589,72018,34733,37516,72249,144267,,No
2022-08-03,Wednesday,41874,32555,74429,37576,35920,73496,147925,,No
2022-08-04,Thursday,40093,32622,72715,37576,34174,71750,144465,,No
2022-08-05,Friday,37575,30624,68199,37449,39703,77152,145351,,No
2022-08-06,Saturday,45064,40892,85956,38134,40668,78802,164758,,No
2022-08-07,Sunday,46642,38195,84837,42886,34415,77301,162138,,No
2022-08-08,Monday,47844,38019,85863,35454,36481,71935,157798,,No
2022-08-09,Tuesday,39649,38540,78189,35094,39946,75040,153229,,No
2022-08-10,Wednesday,42270,42069,84339,39050,37840,76890,161229,,No
2022-08-11,Thursday,49111,49801,98912,38898,39574,78472,177384,Raksha Bandhan,Yes
2022-08-12,Friday,54172,46924,101096,39818,42674,82492,183588,,No
2022-08-13,Saturday,55282,47758,103040,40759,45447,86206,189246,,No
2022-08-14,Sunday,53802,40614,94416,46033,34907,80940,175356,,No
2022-08-15,Monday,75161,37226,112387,45338,39273,84611,196998,Independence Day,Yes
2022-08-16,Tuesday,63440,35965,99405,43597,40074,83671,183076,,No
2022-08-17,Wednesday,54340,36001,90341,41543,36792,78335,168676,,No
2022-08-18,Thursday,51833,36899,88732,40951,35273,76224,164956,,No
2022-08-19,Friday,45609,36836,82445,40344,40334,80678,163123,,No
2022-08-20,Saturday,50193,42394,92587,41476,42266,83742,176329,,No
2022-08-21,Sunday,59170,39564,98734,47418,35222,82640,181374,,No
2022-08-22,Monday,63193,41549,104742,39653,37952,77605,182347,,No
2022-08-23,Tuesday,49982,37696,87678,39112,36067,75179,162857,,No
2022-08-24,Wednesday,49387,36306,85693,40700,37130,77830,163523,,No
2022-08-25,Thursday,43139,36040,79179,38160,33919,72079,151258,,No
2022-08-26,Friday,40600,34179,74779,38164,39584,77748,152527,,No
2022-08-27,Saturday,41464,38970,80434,39551,39519,79070,159504,,No
2022-08-28,Sunday,45925,37909,83834,41508,33866,75374,159208,,No
2022-08-29,Monday,50597,39272,89869,35619,36993,72612,162481,,No
2022-08-30,Tuesday,37538,35370,72908,29294,37691,66985,139893,,No
2022-08-31,Wednesday,30411,27482,57893,34518,30929,65447,123340,Ganesh Chaturthi,Yes
2022-09-01,Thursday,47389,31948,79337,35102,33440,68542,147879,,No
2022-09-02,Friday,45273,31498,76771,38557,37746,76303,153074,,No
2022-09-03,Saturday,46597,35568,82165,39078,39367,78445,160610,,No
2022-09-04,Sunday,50605,32870,83475,44012,33370,77382,160857,,No
2022-09-05,Monday,56507,35069,91576,39472,34323,73795,165371,,No
2022-09-06,Tuesday,44390,33491,77881,37501,33227,70728,148609,,No
2022-09-07,Wednesday,40651,31089,71740,36770,34571,71341,143081,,No
2022-09-08,Thursday,40732,33291,74023,34675,35204,69879,143902,,No
2022-09-09,Friday,37812,32537,70349,39011,36960,75971,146320,,No
2022-09-10,Saturday,39744,34202,73946,39159,37131,76290,150236,,No
2022-09-11,Sunday,45983,30735,76718,42254,31219,73473,150191,,No
2022-09-12,Monday,55521,36042,91563,35811,34429,70240,161803,,No
2022-09-13,Tuesday,44117,35728,79845,35659,32417,68076,147921,,No
2022-09-14,Wednesday,42859,32935,75794,36641,33056,69697,145491,,No
2022-09-15,Thursday,41690,32828,74518,34618,32385,67003,141521,,No
2022-09-16,Friday,39920,30438,70358,36078,36202,72280,142638,,No
2022-09-17,Saturday,39399,34132,73531,37017,38121,75138,148669,,No
2022-09-18,Sunday,43684,32410,76094,39824,31961,71785,147879,,No
2022-09-19,Monday,49417,35185,84602,34648,34236,68884,153486,,No
2022-09-20,Tuesday,41025,32768,73793,32618,33295,65913,139706,,No
2022-09-21,Wednesday,40451,31301,71752,33980,34004,67984,139736,,No
2022-09-22,Thursday,40203,31954,72157,33079,32838,65917,138074,,No
2022-09-23,Friday,39512,32298,71810,36614,38453,75067,146877,,No
2022-09-24,Saturday,41148,41922,83070,36975,41353,78328,161398,,No
2022-09-25,Sunday,39234,32911,72145,37633,35372,73005,145150,,No
2022-09-26,Monday,53956,37674,91630,36271,40384,76655,168285,,No
2022-09-27,Tuesday,40659,34840,75499,31950,39049,70999,146498,,No
2022-09-28,Wednesday,40504,36556,77060,35927,41261,77188,154248,,No
2022-09-29,Thursday,37874,39115,76989,35703,40620,76323,153312,,No
2022-09-30,Friday,38622,43342,81964,37184,47765,84949,166913,,No
2022-10-01,Saturday,45116,59010,104126,41151,48605,89756,193882,,No
2022-10-02,Sunday,44794,52723,97517,40789,39378,80167,177684,Gandhi Jayanti,Yes
2022-10-03,Monday,39091,46175,85266,35448,43952,79400,164666,,No
2022-10-04,Tuesday,33268,44102,77370,33286,41850,75136,152506,,No
2022-10-05,Wednesday,29368,28310,57678,39335,38155,77490,135168,Dussehra / Vijayadashami,Yes
2022-10-06,Thursday,56891,32097,88988,43730,37408,81138,170126,,No
2022-10-07,Friday,64524,34641,99165,45510,39968,85478,184643,,No
2022-10-08,Saturday,67610,40764,108374,48130,42837,90967,199341,,No
2022-10-09,Sunday,78828,43171,121999,50941,34464,85405,207404,,No
2022-10-10,Monday,82098,44908,127006,42557,40558,83115,210121,,No
2022-10-11,Tuesday,60666,37092,97758,42376,35473,77849,175607,,No
2022-10-12,Wednesday,59457,35286,94743,41108,35744,76852,171595,,No
2022-10-13,Thursday,52452,35352,87804,38996,35058,74054,161858,,No
2022-10-14,Friday,48122,32930,81052,40468,39872,80340,161392,,No
2022-10-15,Saturday,46127,37829,83956,40634,40165,80799,164755,,No
2022-10-16,Sunday,51959,35432,87391,43111,33627,76738,164129,,No
2022-10-17,Monday,56117,40763,96880,36494,36659,73153,170033,,No
2022-10-18,Tuesday,43442,35780,79222,35202,36062,71264,150486,,No
2022-10-19,Wednesday,44677,37436,82113,36172,38739,74911,157024,,No
2022-10-20,Thursday,45582,40687,86269,35662,39428,75090,161359,,No
2022-10-21,Friday,46183,44518,90701,36742,47129,83871,174572,,No
2022-10-22,Saturday,41111,57012,98123,37683,47391,85074,183197,,No
2022-10-23,Sunday,33665,43443,77108,32064,33746,65810,142918,,No
2022-10-24,Monday,31504,30344,61848,32426,27599,60025,121873,Diwali (Lakshmi Puja),Yes
2022-10-25,Tuesday,39167,30740,69907,38312,32056,70368,140275,,No
2022-10-26,Wednesday,56811,37799,94610,41574,36449,78023,172633,Bhai Dooj (approx.),Yes
2022-10-27,Thursday,54541,37710,92251,41686,36099,77785,170036,,No
2022-10-28,Friday,49304,33615,82919,39242,40848,80090,163009,,No
2022-10-29,Saturday,45223,35810,81033,42180,41797,83977,165010,,No
2022-10-30,Sunday,53180,33814,86994,44315,33389,77704,164698,,No
2022-10-31,Monday,53206,38437,91643,38312,36190,74502,166145,,No
2022-11-01,Tuesday,47408,34084,81492,36920,35084,72004,153496,,No
2022-11-02,Wednesday,50057,33193,83250,38274,36850,75124,158374,,No
2022-11-03,Thursday,50694,35146,85840,37949,35619,73568,159408,,No
2022-11-04,Friday,45637,32938,78575,40313,39763,80076,158651,,No
2022-11-05,Saturday,47346,40306,87652,39159,42839,81998,169650,,No
2022-11-06,Sunday,52788,35495,88283,44425,33053,77478,165761,,No
2022-11-07,Monday,51180,35897,87077,37610,34314,71924,159001,,No
2022-11-08,Tuesday,41557,31666,73223,35315,32948,68263,141486,,No
2022-11-09,Wednesday,48211,34207,82418,37342,35290,72632,155050,,No
2022-11-10,Thursday,48742,36973,85715,39306,35369,74675,160390,,No
2022-11-11,Friday,49878,36491,86369,40406,40821,81227,167596,,No
2022-11-12,Saturday,49676,42186,91862,40184,43560,83744,175606,,No
2022-11-13,Sunday,55553,38404,93957,45123,34969,80092,174049,,No
2022-11-14,Monday,58125,40753,98878,38121,35732,73853,172731,,No
2022-11-15,Tuesday,49002,36259,85261,38413,35869,74282,159543,,No
2022-11-16,Wednesday,46996,34512,81508,37718,35259,72977,154485,,No
2022-11-17,Thursday,44092,35120,79212,36627,36220,72847,152059,,No
2022-11-18,Friday,44620,34681,79301,39705,40502,80207,159508,,No
2022-11-19,Saturday,45691,40594,86285,40051,40518,80569,166854,,No
2022-11-20,Sunday,54428,38273,92701,43994,35317,79311,172012,,No
2022-11-21,Monday,53350,38186,91536,37406,35372,72778,164314,,No
2022-11-22,Tuesday,45073,32985,78058,35913,34772,70685,148743,,No
2022-11-23,Wednesday,39721,30092,69813,35609,34158,69767,139580,,No
2022-11-24,Thursday,42695,35471,78166,36607,38221,74828,152994,,No
2022-11-25,Friday,41738,34608,76346,38885,41146,80031,156377,,No
2022-11-26,Saturday,41804,40262,82066,39864,41057,80921,162987,,No
2022-11-27,Sunday,51310,37400,88710,44283,35213,79496,168206,,No
2022-11-28,Monday,54493,39649,94142,38881,36967,75848,169990,,No
2022-11-29,Tuesday,43256,34935,78191,37266,37078,74344,152535,,No
2022-11-30,Wednesday,43913,36886,80799,38984,37951,76935,157734,,No
2022-12-01,Thursday,48333,38351,86684,38275,38451,76726,163410,,No
2022-12-02,Friday,48227,41112,89339,42036,41201,83237,172576,,No
2022-12-03,Saturday,51529,46895,98424,41459,42526,83985,182409,,No
2022-12-04,Sunday,59851,41510,101361,46257,36542,82799,184160,,No
2022-12-05,Monday,61112,40962,102074,40919,37794,78713,180787,,No
2022-12-06,Tuesday,50288,38410,88698,40619,38627,79246,167944,,No
2022-12-07,Wednesday,52021,36863,88884,40859,38849,79708,168592,,No
2022-12-08,Thursday,49386,38480,87866,40818,38633,79451,167317,,No
2022-12-09,Friday,50343,38994,89337,42611,41863,84474,173811,,No
2022-12-10,Saturday,52349,45246,97595,43651,42504,86155,183750,,No
2022-12-11,Sunday,59975,39913,99888,47140,36746,83886,183774,,No
2022-12-12,Monday,60876,41833,102709,41054,37823,78877,181586,,No
2022-12-13,Tuesday,51715,40127,91842,40031,37683,77714,169556,,No
2022-12-14,Wednesday,52227,38900,91127,40018,37527,77545,168672,,No
2022-12-15,Thursday,50290,38911,89201,39673,37920,77593,166794,,No
2022-12-16,Friday,46481,39409,85890,42404,41778,84182,170072,,No
2022-12-17,Saturday,49872,46474,96346,42201,43125,85326,181672,,No
2022-12-18,Sunday,60632,40461,101093,45926,37069,82995,184088,,No
2022-12-19,Monday,60355,41671,102026,40404,38207,78611,180637,,No
2022-12-20,Tuesday,49291,36490,85781,40073,39064,79137,164918,,No
2022-12-21,Wednesday,48796,35818,84614,39588,38992,78580,163194,,No
2022-12-22,Thursday,44875,38306,83181,40439,40845,81284,164465,,No
2022-12-23,Friday,44079,40254,84333,41742,45106,86848,171181,,No
2022-12-24,Saturday,42565,45356,87921,42760,43593,86353,174274,,No
2022-12-25,Sunday,42360,32502,74862,44435,36582,81017,155879,Christmas,Yes
2022-12-26,Monday,53353,36324,89677,42890,38500,81390,171067,,No
2022-12-27,Tuesday,48875,34623,83498,41684,39037,80721,164219,,No
2022-12-28,Wednesday,48353,34984,83337,42949,40617,83566,166903,,No
2022-12-29,Thursday,42524,34589,77113,40345,39020,79365,156478,,No
2022-12-30,Friday,38080,33514,71594,41395,42570,83965,155559,,No
2022-12-31,Saturday,35225,36950,72175,35022,39549,74571,146746,,No
2023-01-01,Sunday,40738,32471,73209,42455,36514,78969,152178,New Year's Day,Yes
2023-01-02,Monday,57248,38372,95620,41855,38940,80795,176415,,No
2023-01-03,Tuesday,50126,35742,85868,38088,37715,75803,161671,,No
2023-01-04,Wednesday,47518,32953,80471,38608,37527,76135,156606,,No
2023-01-05,Thursday,43071,32753,75824,34987,37135,72122,147946,,No
2023-01-06,Friday,40692,31135,71827,37630,42690,80320,152147,,No
2023-01-07,Saturday,43879,38911,82790,41217,42908,84125,166915,,No
2023-01-08,Sunday,46131,38583,84714,40208,39945,80153,164867,,No
2023-01-09,Monday,48868,41791,90659,36263,42221,78484,169143,,No
2023-01-10,Tuesday,41862,45469,87331,35072,43389,78461,165792,,No
2023-01-11,Wednesday,42261,50845,93106,37539,48026,85565,178671,,No
2023-01-12,Thursday,43544,67696,111240,35331,50528,85859,197099,,No
2023-01-13,Friday,38683,70277,108960,35627,53103,88730,197690,Bhogi (Sankranti eve),Yes
2023-01-14,Saturday,30596,46963,77559,35036,44472,79508,157067,Makar Sankranti,Yes
2023-01-15,Sunday,34637,25728,60365,43849,32637,76486,136851,Kanuma,Yes
2023-01-16,Monday,67194,34490,101684,50054,37083,87137,188821,,No
2023-01-17,Tuesday,80594,41456,122050,49812,39502,89314,211364,,No
2023-01-18,Wednesday,82720,40185,122905,52081,39529,91610,214515,,No
2023-01-19,Thursday,71184,38059,109243,44519,36176,80695,189938,,No
2023-01-20,Friday,58129,36073,94202,44693,43215,87908,182110,,No
2023-01-21,Saturday,49034,40649,89683,44456,42412,86868,176551,,No
2023-01-22,Sunday,65595,36662,102257,47672,35549,83221,185478,,No
2023-01-23,Monday,66964,42225,109189,43632,38030,81662,190851,,No
2023-01-24,Tuesday,50155,36451,86606,40833,41129,81962,168568,,No
2023-01-25,Wednesday,47670,42920,90590,44605,46563,91168,181758,,No
2023-01-26,Thursday,48750,40961,89711,42845,41406,84251,173962,Republic Day,Yes
2023-01-27,Friday,46976,35944,82920,42978,44675,87653,170573,,No
2023-01-28,Saturday,47255,37719,84974,44940,43261,88201,173175,,No
2023-01-29,Sunday,57640,34291,91931,48562,35664,84226,176157,,No
2023-01-30,Monday,56923,39241,96164,42349,39017,81366,177530,,No
2023-01-31,Tuesday,46301,38400,84701,39601,39074,78675,163376,,No
2023-02-01,Wednesday,53707,38053,91760,40923,40505,81428,173188,,No
2023-02-02,Thursday,50246,39440,89686,39536,39684,79220,168906,,No
2023-02-03,Friday,48335,38144,86479,41336,44003,85339,171818,,No
2023-02-04,Saturday,48392,46020,94412,41580,43650,85230,179642,,No
2023-02-05,Sunday,54559,38334,92893,46388,35440,81828,174721,,No
2023-02-06,Monday,60695,39302,99997,41161,38999,80160,180157,,No
2023-02-07,Tuesday,49380,36087,85467,39723,39179,78902,164369,,No
2023-02-08,Wednesday,49303,37125,86428,41578,41876,83454,169882,,No
2023-02-09,Thursday,49418,42522,91940,40528,41602,82130,174070,,No
2023-02-10,Friday,49398,42496,91894,44117,45900,90017,181911,,No
2023-02-11,Saturday,49651,47832,97483,41950,43343,85293,182776,,No
2023-02-12,Sunday,60741,39745,100486,48168,36284,84452,184938,,No
2023-02-13,Monday,57171,41491,98662,41713,39455,81168,179830,,No
2023-02-14,Tuesday,45018,39207,84225,40035,39806,79841,164066,,No
2023-02-15,Wednesday,37843,27613,65456,39107,40154,79261,144717,,No
2023-02-16,Thursday,39342,40895,80237,38034,40527,78561,158798,,No
2023-02-17,Friday,38881,45588,84469,38187,46111,84298,168767,,No
2023-02-18,Saturday,29981,33830,63811,36996,40167,77163,140974,,No
2023-02-19,Sunday,49245,30264,79509,46633,33480,80113,159622,,No
2023-02-20,Monday,56349,35460,91809,41481,36138,77619,169428,,No
2023-02-21,Tuesday,46156,36837,82993,38169,37423,75592,158585,,No
2023-02-22,Wednesday,45250,34762,80012,40855,42008,82863,162875,,No
2023-02-23,Thursday,43549,35900,79449,39562,39602,79164,158613,,No
2023-02-24,Friday,42711,34804,77515,41601,44069,85670,163185,,No
2023-02-25,Saturday,45080,39526,84606,41846,42975,84821,169427,,No
2023-02-26,Sunday,52956,34895,87851,47600,33759,81359,169210,,No
2023-02-27,Monday,50823,38310,89133,41134,39067,80201,169334,,No
2023-02-28,Tuesday,44292,40035,84327,36403,38532,74935,159262,,No
2023-03-01,Wednesday,50884,41546,92430,39714,42550,82264,174694,,No
2023-03-02,Thursday,49493,39288,88781,34526,38711,73237,162018,,No
2023-03-03,Friday,45091,39475,84566,38456,44026,82482,167048,,No
2023-03-04,Saturday,43791,43630,87421,38184,44666,82850,170271,,No
2023-03-05,Sunday,48568,38401,86969,41382,36091,77473,164442,,No
2023-03-06,Monday,48094,41827,89921,36453,40653,77106,167027,,No
2023-03-07,Tuesday,34062,33960,68022,36513,39641,76154,144176,,No
2023-03-08,Wednesday,44981,35602,80583,40035,40922,80957,161540,Holi,Yes
2023-03-09,Thursday,46640,38863,85503,41796,39458,81254,166757,,No
2023-03-10,Friday,49275,39270,88545,42302,43922,86224,174769,,No
2023-03-11,Saturday,49806,42681,92487,42268,42959,85227,177714,,No
2023-03-12,Sunday,59669,38487,98156,48419,35034,83453,181609,,No
2023-03-13,Monday,62006,40560,102566,42625,38154,80779,183345,,No
2023-03-14,Tuesday,48634,36031,84665,39868,36692,76560,161225,,No
2023-03-15,Wednesday,46871,33070,79941,41500,38388,79888,159829,,No
2023-03-16,Thursday,43704,36026,79730,40254,38213,78467,158197,,No
2023-03-17,Friday,42997,36870,79867,40566,42867,83433,163300,,No
2023-03-18,Saturday,43801,39562,83363,40988,41556,82544,165907,,No
2023-03-19,Sunday,49048,34674,83722,45531,33580,79111,162833,,No
2023-03-20,Monday,52552,39004,91556,37418,37600,75018,166574,,No
2023-03-21,Tuesday,38964,41652,80616,32098,38417,70515,151131,,No
2023-03-22,Wednesday,35501,28086,63587,38320,35178,73498,137085,Ugadi (Telugu New Year),Yes
2023-03-23,Thursday,53723,31213,84936,39059,34621,73680,158616,,No
2023-03-24,Friday,48217,29906,78123,38954,39564,78518,156641,,No
2023-03-25,Saturday,42998,32973,75971,39484,39793,79277,155248,,No
2023-03-26,Sunday,52297,31891,84188,46583,32975,79558,163746,,No
2023-03-27,Monday,48556,35904,84460,39256,35607,74863,159323,,No
2023-03-28,Tuesday,39188,32247,71435,35170,35597,70767,142202,,No
2023-03-29,Wednesday,37179,32191,69370,35715,38911,74626,143996,,No
2023-03-30,Thursday,32021,26847,58868,34008,35071,69079,127947,,No
2023-03-31,Friday,36061,30753,66814,37386,40893,78279,145093,,No
2023-04-01,Saturday,40690,37111,77801,37754,40383,78137,155938,,No
2023-04-02,Sunday,48451,35054,83505,45026,33970,78996,162501,,No
2023-04-03,Monday,52844,36426,89270,39001,36671,75672,164942,,No
2023-04-04,Tuesday,48523,35373,83896,36798,37319,74117,158013,,No
2023-04-05,Wednesday,46484,34706,81190,38593,39971,78564,159754,,No
2023-04-06,Thursday,44698,37276,81974,38527,42519,81046,163020,,No
2023-04-07,Friday,40158,36856,77014,40342,41677,82019,159033,,No
2023-04-08,Saturday,37923,32934,70857,39289,39481,78770,149627,,No
2023-04-09,Sunday,56451,35653,92104,46549,34415,80964,173068,,No
2023-04-10,Monday,62890,38698,101588,39853,37710,77563,179151,,No
2023-04-11,Tuesday,46360,34810,81170,34568,35646,70214,151384,,No
2023-04-12,Wednesday,45054,33739,78793,37529,38212,75741,154534,,No
2023-04-13,Thursday,41998,35486,77484,35675,39478,75153,152637,,No
2023-04-14,Friday,40003,33745,73748,37374,43375,80749,154497,,No
2023-04-15,Saturday,41307,38275,79582,37578,41909,79487,159069,,No
2023-04-16,Sunday,49261,35782,85043,44269,33829,78098,163141,,No
2023-04-17,Monday,52941,39392,92333,36692,37994,74686,167019,,No
2023-04-18,Tuesday,42138,35609,77747,33283,36980,70263,148010,,No
2023-04-19,Wednesday,42003,33677,75680,33547,40506,74053,149733,,No
2023-04-20,Thursday,38821,35909,74730,31942,43054,74996,149726,,No
2023-04-21,Friday,41969,44936,86905,37416,47103,84519,171424,,No
2023-04-22,Saturday,36220,39817,76037,37297,44727,82024,158061,Eid al-Fitr (Ramzan),Yes
2023-04-23,Sunday,52063,36523,88586,45024,38274,83298,171884,,No
2023-04-24,Monday,61934,42372,104306,41917,41586,83503,187809,,No
2023-04-25,Tuesday,48836,39114,87950,39179,41756,80935,168885,,No
2023-04-26,Wednesday,47430,37584,85014,40229,45100,85329,170343,,No
2023-04-27,Thursday,48298,39885,88183,38875,43217,82092,170275,,No
2023-04-28,Friday,47177,42024,89201,43285,48001,91286,180487,,No
2023-04-29,Saturday,53960,52670,106630,41342,49457,90799,197429,,No
2023-04-30,Sunday,52803,53313,106116,46756,41470,88226,194342,,No
2023-05-01,Monday,68965,52799,121764,45947,43861,89808,211572,,No
2023-05-02,Tuesday,59434,48983,108417,43840,43744,87584,196001,,No
2023-05-03,Wednesday,59762,46369,106131,45701,46006,91707,197838,,No
2023-05-04,Thursday,58620,45604,104224,44596,41906,86502,190726,,No
2023-05-05,Friday,58854,41602,100456,46802,46509,93311,193767,,No
2023-05-06,Saturday,58872,49337,108209,44002,44711,88713,196922,,No
2023-05-07,Sunday,65545,44191,109736,45858,40819,86677,196413,,No
2023-05-08,Monday,68160,45535,113695,46570,42215,88785,202480,,No
2023-05-09,Tuesday,55843,45222,101065,43399,43521,86920,187985,,No
2023-05-10,Wednesday,59214,48742,107956,46659,45221,91880,199836,,No
2023-05-11,Thursday,59477,49830,109307,45837,42632,88469,197776,,No
2023-05-12,Friday,58443,48222,106665,48832,47041,95873,202538,,No
2023-05-13,Saturday,58971,54598,113569,45654,46994,92648,206217,,No
2023-05-14,Sunday,68339,47188,115527,49187,40099,89286,204813,,No
2023-05-15,Monday,72356,47149,119505,47143,42494,89637,209142,,No
2023-05-16,Tuesday,59540,42402,101942,45223,41356,86579,188521,,No
2023-05-17,Wednesday,60262,41053,101315,46823,43444,90267,191582,,No
2023-05-18,Thursday,56470,40897,97367,46501,41197,87698,185065,,No
2023-05-19,Friday,47232,39272,86504,46184,45944,92128,178632,,No
2023-05-20,Saturday,52305,50616,102921,43971,47234,91205,194126,,No
2023-05-21,Sunday,51234,37094,88328,44444,35227,79671,167999,,No
2023-05-22,Monday,62102,42428,104530,46021,41678,87699,192229,,No
2023-05-23,Tuesday,53046,40830,93876,43519,40423,83942,177818,,No
2023-05-24,Wednesday,56090,40120,96210,45600,42239,87839,184049,,No
2023-05-25,Thursday,53938,42047,95985,46416,40647,87063,183048,,No
2023-05-26,Friday,51772,38614,90386,45316,44435,89751,180137,,No
2023-05-27,Saturday,51506,44997,96503,42613,46026,88639,185142,,No
2023-05-28,Sunday,53011,40220,93231,45699,37413,83112,176343,,No
2023-05-29,Monday,60032,45409,105441,46271,41901,88172,193613,,No
2023-05-30,Tuesday,48832,41268,90100,43715,40767,84482,174582,,No
2023-05-31,Wednesday,54593,45833,100426,46708,43465,90173,190599,,No
2023-06-01,Thursday,58338,47926,106264,46243,41050,87293,193557,,No
2023-06-02,Friday,57569,42922,100491,47494,44447,91941,192432,,No
2023-06-03,Saturday,57654,44031,101685,41677,43008,84685,186370,,No
2023-06-04,Sunday,63538,40233,103771,45637,35519,81156,184927,,No
2023-06-05,Monday,69842,42385,112227,47411,40593,88004,200231,,No
2023-06-06,Tuesday,54942,38803,93745,41761,37249,79010,172755,,No
2023-06-07,Wednesday,56843,41379,98222,44142,40955,85097,183319,,No
2023-06-08,Thursday,52618,40994,93612,44449,38862,83311,176923,,No
2023-06-09,Friday,54426,43010,97436,47172,43405,90577,188013,,No
2023-06-10,Saturday,56958,48373,105331,43804,46309,90113,195444,,No
2023-06-11,Sunday,60808,44294,105102,48904,37659,86563,191665,,No
2023-06-12,Monday,70069,48231,118300,46608,39651,86259,204559,,No
2023-06-13,Tuesday,54015,40947,94962,42769,38717,81486,176448,,No
2023-06-14,Wednesday,52882,38754,91636,42245,40627,82872,174508,,No
2023-06-15,Thursday,50668,38127,88795,43808,34992,78800,167595,,No
2023-06-16,Friday,48007,34897,82904,39718,38666,78384,161288,,No
2023-06-17,Saturday,46172,40155,86327,37303,43487,80790,167117,,No
2023-06-18,Sunday,49192,34674,83866,45235,35953,81188,165054,,No
2023-06-19,Monday,55950,40718,96668,43197,37011,80208,176876,,No
2023-06-20,Tuesday,46140,35849,81989,38946,36827,75773,157762,,No
2023-06-21,Wednesday,47180,32719,79899,38669,39499,78168,158067,,No
2023-06-22,Thursday,41740,33078,74818,39100,37318,76418,151236,,No
2023-06-23,Friday,39303,33111,72414,39303,42630,81933,154347,,No
2023-06-24,Saturday,42047,37914,79961,38044,44687,82731,162692,,No
2023-06-25,Sunday,45350,34919,80269,43732,36571,80303,160572,,No
2023-06-26,Monday,51465,39521,90986,40113,37114,77227,168213,,No
2023-06-27,Tuesday,44620,35951,80571,37583,39619,77202,157773,,No
2023-06-28,Wednesday,42911,38347,81258,38314,44152,82466,163724,,No
2023-06-29,Thursday,39108,32880,71988,41007,38879,79886,151874,Eid al-Adha (Bakrid),Yes
2023-06-30,Friday,43427,39505,82932,41174,41867,83041,165973,,No
2023-07-01,Saturday,47790,38645,86435,41079,43681,84760,171195,,No
2023-07-02,Sunday,61065,37346,98411,49218,35789,85007,183418,,No
2023-07-03,Monday,62964,37153,100117,46093,37474,83567,183684,,No
2023-07-04,Tuesday,52272,33477,85749,42677,35374,78051,163800,,No
2023-07-05,Wednesday,50669,32352,83021,42887,37907,80794,163815,,No
2023-07-06,Thursday,49083,31269,80352,42122,36702,78824,159176,,No
2023-07-07,Friday,46238,31666,77904,44571,41336,85907,163811,,No
2023-07-08,Saturday,48605,38003,86608,39624,42960,82584,169192,,No
2023-07-09,Sunday,53900,35306,89206,46796,36079,82875,172081,,No
2023-07-10,Monday,57675,37317,94992,44674,36055,80729,175721,,No
2023-07-11,Tuesday,48342,35705,84047,39431,34712,74143,158190,,No
2023-07-12,Wednesday,50177,33919,84096,42002,37318,79320,163416,,No
2023-07-13,Thursday,47125,33748,80873,42980,35361,78341,159214,,No
2023-07-14,Friday,46069,33011,79080,42253,40720,82973,162053,,No
2023-07-15,Saturday,55642,37837,93479,39826,42316,82142,175621,,No
2023-07-16,Sunday,49379,29952,79331,43216,34247,77463,156794,,No
2023-07-17,Monday,48047,36707,84754,42770,35253,78023,162777,,No
2023-07-18,Tuesday,44487,36255,80742,38125,35155,73280,154022,,No
2023-07-19,Wednesday,45030,33245,78275,40849,37880,78729,157004,,No
2023-07-20,Thursday,35218,30304,65522,40042,35170,75212,140734,,No
2023-07-21,Friday,35390,30788,66178,39065,39767,78832,145010,,No
2023-07-22,Saturday,37070,34418,71488,36934,40284,77218,148706,,No
2023-07-23,Sunday,43250,29386,72636,43143,33569,76712,149348,,No
2023-07-24,Monday,46904,34204,81108,40131,33600,73731,154839,,No
2023-07-25,Tuesday,34594,30479,65073,33468,31731,65199,130272,,No
2023-07-26,Wednesday,34150,32943,67093,34441,35966,70407,137500,,No
2023-07-27,Thursday,26642,25585,52227,35364,34109,69473,121700,,No
2023-07-28,Friday,31312,28104,59416,36608,38396,75004,134420,,No
2023-07-29,Saturday,32315,29812,62127,34249,38857,73106,135233,,No
2023-07-30,Sunday,43798,27680,71478,43227,32627,75854,147332,,No
2023-07-31,Monday,51064,34089,85153,39088,34469,73557,158710,,No
2023-08-01,Tuesday,48169,33155,81324,37736,32694,70430,151754,,No
2023-08-02,Wednesday,49894,33420,83314,40041,35538,75579,158893,,No
2023-08-03,Thursday,46520,32745,79265,40222,35073,75295,154560,,No
2023-08-04,Friday,46006,31354,77360,41661,39853,81514,158874,,No
2023-08-05,Saturday,47566,38619,86185,38186,41439,79625,165810,,No
2023-08-06,Sunday,50092,33009,83101,44598,33929,78527,161628,,No
2023-08-07,Monday,54954,36428,91382,41700,35066,76766,168148,,No
2023-08-08,Tuesday,44097,33244,77341,37469,33748,71217,148558,,No
2023-08-09,Wednesday,47423,32430,79853,39811,37483,77294,157147,,No
2023-08-10,Thursday,49226,35484,84710,42454,39503,81957,166667,,No
2023-08-11,Friday,50052,41158,91210,45153,47886,93039,184249,,No
2023-08-12,Saturday,48159,47610,95769,40493,48512,89005,184774,,No
2023-08-13,Sunday,46483,39510,85993,42446,36696,79142,165135,,No
2023-08-14,Monday,50989,37128,88117,44050,40332,84382,172499,,No
2023-08-15,Tuesday,50594,33896,84490,51491,37768,89259,173749,Independence Day,Yes
2023-08-16,Wednesday,48283,32658,80941,43638,38744,82382,163323,,No
2023-08-17,Thursday,46910,37362,84272,38256,38724,76980,161252,,No
2023-08-18,Friday,43474,35601,79075,39614,42705,82319,161394,,No
2023-08-19,Saturday,44657,38362,83019,39522,42972,82494,165513,,No
2023-08-20,Sunday,52702,37961,90663,44734,36275,81009,171672,,No
2023-08-21,Monday,55056,35174,90230,42176,35036,77212,167442,,No
2023-08-22,Tuesday,46276,33870,80146,38625,33204,71829,151975,,No
2023-08-23,Wednesday,45290,34164,79454,35700,37814,73514,152968,,No
2023-08-24,Thursday,41350,33892,75242,34393,36774,71167,146409,,No
2023-08-25,Friday,39595,34467,74062,36292,39179,75471,149533,,No
2023-08-26,Saturday,42854,40363,83217,36368,39770,76138,159355,,No
2023-08-27,Sunday,49434,38692,88126,39238,36729,75967,164093,,No
2023-08-28,Monday,50545,40338,90883,37657,34603,72260,163143,,No
2023-08-29,Tuesday,41680,44504,86184,36803,36645,73448,159632,,No
2023-08-30,Wednesday,45465,47351,92816,37896,41096,78992,171808,Raksha Bandhan,Yes
2023-08-31,Thursday,52757,43481,96238,45295,42530,87825,184063,,No
2023-09-01,Friday,57837,41216,99053,46168,45330,91498,190551,,No
2023-09-02,Saturday,56188,44951,101139,42801,45872,88673,189812,,No
2023-09-03,Sunday,65648,38929,104577,50460,38356,88816,193393,,No
2023-09-04,Monday,67330,37734,105064,44045,40004,84049,189113,,No
2023-09-05,Tuesday,50570,35551,86121,41466,38320,79786,165907,,No
2023-09-06,Wednesday,48422,34731,83153,41907,39632,81539,164692,,No
2023-09-07,Thursday,46295,32930,79225,41171,37204,78375,157600,,No
2023-09-08,Friday,46517,34265,80782,43584,41128,84712,165494,,No
2023-09-09,Saturday,49542,38979,88521,40869,43130,83999,172520,,No
2023-09-10,Sunday,58843,37080,95923,49466,35103,84569,180492,,No
2023-09-11,Monday,59830,38404,98234,42948,37524,80472,178706,,No
2023-09-12,Tuesday,49739,34690,84429,38694,35079,73773,158202,,No
2023-09-13,Wednesday,45253,34749,80002,37400,37135,74535,154537,,No
2023-09-14,Thursday,39891,33206,73097,36641,37356,73997,147094,,No
2023-09-15,Friday,40842,37082,77924,38156,44499,82655,160579,,No
2023-09-16,Saturday,44078,47992,92070,37225,46538,83763,175833,,No
2023-09-17,Sunday,37692,36867,74559,36731,34340,71071,145630,,No
2023-09-18,Monday,39702,28376,68078,38454,29802,68256,136334,,No
2023-09-19,Tuesday,51455,30785,82240,39024,31402,70426,152666,Ganesh Chaturthi,Yes
2023-09-20,Wednesday,50818,31772,82590,38864,35550,74414,157004,,No
2023-09-21,Thursday,44998,31317,76315,37430,32917,70347,146662,,No
2023-09-22,Friday,37681,29301,66982,35725,34769,70494,137476,,No
2023-09-23,Saturday,39662,33502,73164,35965,37837,73802,146966,,No
2023-09-24,Sunday,46382,31616,77998,44098,33106,77204,155202,,No
2023-09-25,Monday,50833,34406,85239,38065,33676,71741,156980,,No
2023-09-26,Tuesday,41004,34447,75451,33681,35150,68831,144282,,No
2023-09-27,Wednesday,40440,34591,75031,37590,39635,77225,152256,,No
2023-09-28,Thursday,38603,32754,71357,38338,39353,77691,149048,,No
2023-09-29,Friday,41195,34578,75773,39344,45353,84697,160470,,No
2023-09-30,Saturday,43110,45153,88263,38165,49143,87308,175571,,No
2023-10-01,Sunday,45080,38477,83557,44161,36971,81132,164689,,No
2023-10-02,Monday,74995,40204,115199,48965,39471,88436,203635,Gandhi Jayanti,Yes
2023-10-03,Tuesday,56118,37050,93168,41306,36206,77512,170680,,No
2023-10-04,Wednesday,52307,34047,86354,38399,35845,74244,160598,,No
2023-10-05,Thursday,43851,31939,75790,37693,33887,71580,147370,,No
2023-10-06,Friday,40515,29927,70442,36188,37245,73433,143875,,No
2023-10-07,Saturday,40562,34702,75264,36108,40819,76927,152191,,No
2023-10-08,Sunday,44587,30568,75155,40453,33705,74158,149313,,No
2023-10-09,Monday,48699,34176,82875,36809,35401,72210,155085,,No
2023-10-10,Tuesday,42223,33835,76058,32868,35191,68059,144117,,No
2023-10-11,Wednesday,40924,33590,74514,33442,38421,71863,146377,,No
2023-10-12,Thursday,44844,37067,81911,33905,40985,74890,156801,,No
2023-10-13,Friday,43735,40920,84655,38353,43163,81516,166171,,No
2023-10-14,Saturday,35970,40298,76268,34939,47035,81974,158242,,No
2023-10-15,Sunday,48963,39254,88217,41571,40527,82098,170315,,No
2023-10-16,Monday,51863,43241,95104,39347,45424,84771,179875,,No
2023-10-17,Tuesday,44982,40654,85636,35728,43595,79323,164959,,No
2023-10-18,Wednesday,43756,47894,91650,40446,48073,88519,180169,,No
2023-10-19,Thursday,44942,49239,94181,42502,47811,90313,184494,,No
2023-10-20,Friday,43639,55141,98780,43372,52819,96191,194971,,No
2023-10-21,Saturday,37766,65933,103699,40731,54207,94938,198637,,No
2023-10-22,Sunday,31407,47209,78616,40575,42940,83515,162131,,No
2023-10-23,Monday,30640,32631,63271,40865,43886,84751,148022,,No
2023-10-24,Tuesday,50648,30744,81392,49931,39990,89921,171313,Dussehra / Vijayadashami,Yes
2023-10-25,Wednesday,79809,38733,118542,52439,42845,95284,213826,,No
2023-10-26,Thursday,76232,36774,113006,47748,39392,87140,200146,,No
2023-10-27,Friday,58511,30811,89322,47701,40859,88560,177882,,No
2023-10-28,Saturday,53792,33662,87454,45385,44854,90239,177693,,No
2023-10-29,Sunday,71652,34263,105915,51173,36954,88127,194042,,No
2023-10-30,Monday,64546,36474,101020,44583,36815,81398,182418,,No
2023-10-31,Tuesday,50014,33277,83291,37960,37500,75460,158751,,No
2023-11-01,Wednesday,53099,34353,87452,43640,39800,83440,170892,,No
2023-11-02,Thursday,53306,34430,87736,40879,37928,78807,166543,,No
2023-11-03,Friday,48739,32291,81030,42507,43268,85775,166805,,No
2023-11-04,Saturday,45367,36836,82203,38923,46719,85642,167845,,No
2023-11-05,Sunday,50838,32677,83515,44174,35986,80160,163675,,No
2023-11-06,Monday,53553,37193,90746,40528,39049,79577,170323,,No
2023-11-07,Tuesday,43194,33779,76973,36860,38763,75623,152596,,No
2023-11-08,Wednesday,42961,36951,79912,39011,43189,82200,162112,,No
2023-11-09,Thursday,39627,36361,75988,36471,42743,79214,155202,,No
2023-11-10,Friday,39389,45328,84717,37972,48412,86384,171101,,No
2023-11-11,Saturday,35587,53857,89444,32156,49443,81599,171043,,No
2023-11-12,Sunday,25989,29528,55517,29810,28862,58672,114189,Diwali (Lakshmi Puja),Yes
2023-11-13,Monday,50061,32071,82132,44698,38109,82807,164939,,No
2023-11-14,Tuesday,58019,33415,91434,43338,38295,81633,173067,Bhai Dooj (approx.),Yes
2023-11-15,Wednesday,53352,33141,86493,45945,42996,88941,175434,,No
2023-11-16,Thursday,47137,32673,79810,42286,39910,82196,162006,,No
2023-11-17,Friday,42433,30906,73339,44594,44207,88801,162140,,No
2023-11-18,Saturday,46507,39080,85587,41505,48151,89656,175243,,No
2023-11-19,Sunday,49476,32710,82186,45313,36993,82306,164492,,No
2023-11-20,Monday,37975,22544,60519,43599,41796,85395,145914,,No
2023-11-21,Tuesday,43338,31236,74574,40869,40591,81460,156034,,No
2023-11-22,Wednesday,44020,33371,77391,45667,45712,91379,168770,,No
2023-11-23,Thursday,42007,32907,74914,42798,41814,84612,159526,,No
2023-11-24,Friday,41847,33833,75680,44807,46058,90865,166545,,No
2023-11-25,Saturday,40881,43336,84217,41318,49155,90473,174690,,No
2023-11-26,Sunday,42501,41277,83778,45115,38171,83286,167064,,No
2023-11-27,Monday,47637,35658,83295,43331,39566,82897,166192,,No
2023-11-28,Tuesday,41479,48648,90127,40535,40208,80743,170870,,No
2023-11-29,Wednesday,37450,78743,116193,41738,45960,87698,203891,,No
2023-11-30,Thursday,55256,43894,99150,41920,38874,80794,179944,,No
2023-12-01,Friday,75694,28026,103720,43669,40701,84370,188090,,No
2023-12-02,Saturday,63693,33366,97059,41629,44431,86060,183119,,No
2023-12-03,Sunday,70121,28829,98950,45557,29485,75042,173992,,No
2023-12-04,Monday,68997,32922,101919,38771,31507,70278,172197,,No
2023-12-05,Tuesday,47766,29585,77351,36189,31534,67723,145074,,No
2023-12-06,Wednesday,45891,29303,75194,42486,37170,79656,154850,,No
2023-12-07,Thursday,48391,31163,79554,37188,36122,73310,152864,,No
2023-12-08,Friday,46056,32205,78261,44078,39272,83350,161611,,No
2023-12-09,Saturday,46215,35694,81909,39012,43652,82664,164573,,No
2023-12-10,Sunday,50811,30311,81122,41962,35128,77090,158212,,No
2023-12-11,Monday,48214,30871,79085,41511,34230,75741,154826,,No
2023-12-12,Tuesday,39874,28891,68765,36039,34669,70708,139473,,No
2023-12-13,Wednesday,41581,30006,71587,41307,36845,78152,149739,,No
2023-12-14,Thursday,40841,29313,70154,36911,36347,73258,143412,,No
2023-12-15,Friday,40293,28160,68453,42201,37177,79378,147831,,No
2023-12-16,Saturday,42804,35001,77805,39638,43273,82911,160716,,No
2023-12-17,Sunday,45510,31537,77047,41814,34238,76052,153099,,No
2023-12-18,Monday,46618,31812,78430,40340,36994,77334,155764,,No
2023-12-19,Tuesday,40087,31251,71338,40807,37946,78753,150091,,No
2023-12-20,Wednesday,41406,30783,72189,45228,40926,86154,158343,,No
2023-12-21,Thursday,40296,29350,69646,41334,41923,83257,152903,,No
2023-12-22,Friday,34781,33232,68013,44058,46064,90122,158135,,No
2023-12-23,Saturday,37479,45405,82884,39806,49143,88949,171833,,No
2023-12-24,Sunday,32867,34757,67624,43746,37951,81697,149321,,No
2023-12-25,Monday,46602,30253,76855,47695,41322,89017,165872,Christmas,Yes
2023-12-26,Tuesday,53426,30506,83932,48837,38788,87625,171557,,No
2023-12-27,Wednesday,47549,31323,78872,48692,41311,90003,168875,,No
2023-12-28,Thursday,42017,30026,72043,43178,39227,82405,154448,,No
2023-12-29,Friday,38165,30379,68544,44095,42024,86119,154663,,No
2023-12-30,Saturday,37119,36864,73983,40361,43337,83698,157681,,No
2023-12-31,Sunday,29876,28442,58318,36314,33386,69700,128018,,No
2024-01-01,Monday,44102,31131,75233,42867,38324,81191,156424,New Year's Day,Yes
2024-01-02,Tuesday,48805,34296,83101,42128,38547,80675,163776,,No
2024-01-03,Wednesday,46137,31663,77800,40689,37557,78246,156046,,No
2024-01-04,Thursday,46640,29580,76220,38259,36219,74478,150698,,No
2024-01-05,Friday,45414,30207,75621,41166,38646,79812,155433,,No
2024-01-06,Saturday,42389,33347,75736,37461,43235,80696,156432,,No
2024-01-07,Sunday,44961,29913,74874,41953,35754,77707,152581,,No
2024-01-08,Monday,49657,33620,83277,36745,40622,77367,160644,,No
2024-01-09,Tuesday,39841,31993,71834,34454,42067,76521,148355,,No
2024-01-10,Wednesday,38600,37073,75673,36403,46293,82696,158369,,No
2024-01-11,Thursday,39875,44836,84711,33653,50363,84016,168727,,No
2024-01-12,Friday,39046,62503,101549,41673,54646,96319,197868,,No
2024-01-13,Saturday,36151,65667,101818,34252,55118,89370,191188,Bhogi (Sankranti eve),Yes
2024-01-14,Sunday,26291,34053,60344,30603,35791,66394,126738,Makar Sankranti,Yes
2024-01-15,Monday,36882,25807,62689,42690,37543,80233,142922,Kanuma,Yes
2024-01-16,Tuesday,53800,26747,80547,51924,35640,87564,168111,,No
2024-01-17,Wednesday,76311,31255,107566,56248,40392,96640,204206,,No
2024-01-18,Thursday,68144,31508,99652,49512,32705,82217,181869,,No
2024-01-19,Friday,53185,26727,79912,47614,37668,85282,165194,,No
2024-01-20,Saturday,53096,31114,84210,44319,41574,85893,170103,,No
2024-01-21,Sunday,58474,29785,88259,48192,31332,79524,167783,,No
2024-01-22,Monday,49723,28341,78064,41072,33278,74350,152414,,No
2024-01-23,Tuesday,46187,28276,74463,39148,32664,71812,146275,,No
2024-01-24,Wednesday,44450,27753,72203,43267,37810,81077,153280,,No
2024-01-25,Thursday,42457,35538,77995,40914,42837,83751,161746,,No
2024-01-26,Friday,39702,32832,72534,41764,40239,82003,154537,Republic Day,Yes
2024-01-27,Saturday,43224,31392,74616,38155,43124,81279,155895,,No
2024-01-28,Sunday,53518,31431,84949,49791,32852,82643,167592,,No
2024-01-29,Monday,51987,34496,86483,42388,36423,78811,165294,,No
2024-01-30,Tuesday,42901,28560,71461,38783,31670,70453,141914,,No
2024-01-31,Wednesday,39106,29477,68583,40479,34634,75113,143696,,No
2024-02-01,Thursday,41365,32487,73852,35639,33658,69297,143149,,No
2024-02-02,Friday,40725,30777,71502,35859,38298,74157,145659,,No
2024-02-03,Saturday,41688,34921,76609,35531,42000,77531,154140,,No
2024-02-04,Sunday,46451,31763,78214,42431,31933,74364,152578,,No
2024-02-05,Monday,44604,27932,72536,34649,34754,69403,141939,,No
2024-02-06,Tuesday,33209,25989,59198,34433,33696,68129,127327,,No
2024-02-07,Wednesday,33195,24790,57985,36463,34761,71224,129209,,No
2024-02-08,Thursday,32379,25999,58378,34147,35095,69242,127620,,No
2024-02-09,Friday,33590,27513,61103,36659,39589,76248,137351,,No
2024-02-10,Saturday,32767,35120,67887,34890,43792,78682,146569,,No
2024-02-11,Sunday,39555,28252,67807,42586,32929,75515,143322,,No
2024-02-12,Monday,52205,35136,87341,42685,40751,83436,170777,,No
2024-02-13,Tuesday,40899,35945,76844,39235,40540,79775,156619,,No
2024-02-14,Wednesday,40601,34613,75214,41850,40980,82830,158044,,No
2024-02-15,Thursday,40985,33291,74276,39917,40056,79973,154249,,No
2024-02-16,Friday,38387,31291,69678,39525,43297,82822,152500,,No
2024-02-17,Saturday,40731,38093,78824,38750,47142,85892,164716,,No
2024-02-18,Sunday,49564,33957,83521,46374,35651,82025,165546,,No
2024-02-19,Monday,53792,35766,89558,42787,39472,82259,171817,,No
2024-02-20,Tuesday,43275,34510,77785,38921,38450,77371,155156,,No
2024-02-21,Wednesday,40960,35305,76265,40453,39898,80351,156616,,No
2024-02-22,Thursday,39551,35093,74644,38157,39394,77551,152195,,No
2024-02-23,Friday,40322,33126,73448,38348,43684,82032,155480,,No
2024-02-24,Saturday,41936,36987,78923,37522,46427,83949,162872,,No
2024-02-25,Sunday,53951,30195,84146,45230,34561,79791,163937,,No
2024-02-26,Monday,51086,30819,81905,42753,38058,80811,162716,,No
2024-02-27,Tuesday,41036,31031,72067,39219,37555,76774,148841,,No
2024-02-28,Wednesday,40235,32382,72617,40886,40271,81157,153774,,No
2024-02-29,Thursday,56,2,58,39357,38502,77859,77917,,No
2024-03-01,Friday,43318,33848,77166,39553,42413,81966,159132,,No
2024-03-02,Saturday,42150,37638,79788,37408,45067,82475,162263,,No
2024-03-03,Sunday,49902,30924,80826,45027,34550,79577,160403,,No
2024-03-04,Monday,51584,33074,84658,40372,38368,78740,163398,,No
2024-03-05,Tuesday,41934,30697,72631,37562,36625,74187,146818,,No
2024-03-06,Wednesday,39289,33154,72443,39561,40349,79910,152353,,No
2024-03-07,Thursday,38555,41911,80466,37050,41128,78178,158644,,No
2024-03-08,Friday,28936,31149,60085,34915,40054,74969,135054,,No
2024-03-09,Saturday,37230,28436,65666,36495,41659,78154,143820,,No
2024-03-10,Sunday,53099,28564,81663,46958,32308,79266,160929,,No
2024-03-11,Monday,54454,32151,86605,41747,36041,77788,164393,,No
2024-03-12,Tuesday,42087,30666,72753,38007,35029,73036,145789,,No
2024-03-13,Wednesday,42310,31177,73487,40034,38538,78572,152059,,No
2024-03-14,Thursday,42133,31100,73233,37647,38211,75858,149091,,No
2024-03-15,Friday,37709,33024,70733,38653,43777,82430,153163,,No
2024-03-16,Saturday,41029,35771,76800,37318,46191,83509,160309,,No
2024-03-17,Sunday,45742,29883,75625,44142,35370,79512,155137,,No
2024-03-18,Monday,45057,31147,76204,40690,38579,79269,155473,,No
2024-03-19,Tuesday,37080,30336,67416,37440,36774,74214,141630,,No
2024-03-20,Wednesday,38210,31162,69372,37536,41689,79225,148597,,No
2024-03-21,Thursday,36990,29903,66893,35479,41428,76907,143800,,No
2024-03-22,Friday,33470,30488,63958,36105,46260,82365,146323,,No
2024-03-23,Saturday,33300,38646,71946,36967,49538,86505,158451,,No
2024-03-24,Sunday,31497,29357,60854,40043,34769,74812,135666,,No
2024-03-25,Monday,37382,27539,64921,43197,39961,83158,148079,Holi,Yes
2024-03-26,Tuesday,40104,30620,70724,40779,39238,80017,150741,,No
2024-03-27,Wednesday,41097,31280,72377,41725,40032,81757,154134,,No
2024-03-28,Thursday,40679,33176,73855,40761,41235,81996,155851,,No
2024-03-29,Friday,40105,29096,69201,39189,41733,80922,150123,,No
2024-03-30,Saturday,38660,31938,70598,38731,45897,84628,155226,,No
2024-03-31,Sunday,48002,29483,77485,46206,35259,81465,158950,,No
2024-04-01,Monday,52873,35072,87945,41787,41049,82836,170781,,No
2024-04-02,Tuesday,43796,32570,76366,38580,38775,77355,153721,,No
2024-04-03,Wednesday,43810,36157,79967,40719,41954,82673,162640,,No
2024-04-04,Thursday,46142,37445,83587,39708,40756,80464,164051,,No
2024-04-05,Friday,47554,36648,84202,39492,45021,84513,168715,,No
2024-04-06,Saturday,44450,43460,87910,36700,49060,85760,173670,,No
2024-04-07,Sunday,40842,37683,78525,40001,36680,76681,155206,,No
2024-04-08,Monday,36248,38808,75056,31960,42432,74392,149448,,No
2024-04-09,Tuesday,29494,28744,58238,35153,37800,72953,131191,Ugadi (Telugu New Year),Yes
2024-04-10,Wednesday,42811,32539,75350,39348,44527,83875,159225,,No
2024-04-11,Thursday,44190,30490,74680,38789,37569,76358,151038,Eid al-Fitr (Ramzan),Yes
2024-04-12,Friday,46120,31928,78048,40501,42209,82710,160758,,No
2024-04-13,Saturday,47154,37403,84557,39846,48073,87919,172476,,No
2024-04-14,Sunday,64340,32971,97311,48418,36208,84626,181937,,No
2024-04-15,Monday,54156,35537,89693,41172,41006,82178,171871,,No
2024-04-16,Tuesday,38588,30785,69373,37713,40682,78395,147768,,No
2024-04-17,Wednesday,34757,29371,64128,40244,42375,82619,146747,,No
2024-04-18,Thursday,39623,30670,70293,38798,38797,77595,147888,,No
2024-04-19,Friday,38018,30686,68704,40943,44049,84992,153696,,No
2024-04-20,Saturday,38460,38468,76928,40402,50552,90954,167882,,No
2024-04-21,Sunday,45551,33058,78609,48197,37961,86158,164767,,No
2024-04-22,Monday,50711,35538,86249,42409,43153,85562,171811,,No
2024-04-23,Tuesday,43758,34879,78637,43504,43739,87243,165880,,No
2024-04-24,Wednesday,44326,34248,78574,45966,45422,91388,169962,,No
2024-04-25,Thursday,46242,35609,81851,42371,41485,83856,165707,,No
2024-04-26,Friday,44252,31897,76149,45125,43346,88471,164620,,No
2024-04-27,Saturday,45783,36492,82275,42022,50165,92187,174462,,No
2024-04-28,Sunday,53568,31788,85356,48116,36614,84730,170086,,No
2024-04-29,Monday,51764,31438,83202,40472,40444,80916,164118,,No
2024-04-30,Tuesday,42128,29197,71325,41976,41349,83325,154650,,No
2024-05-01,Wednesday,47720,31008,78728,45244,42414,87658,166386,,No
2024-05-02,Thursday,45292,28886,74178,40593,36287,76880,151058,,No
2024-05-03,Friday,41148,26016,67164,41641,40532,82173,149337,,No
2024-05-04,Saturday,39539,30289,69828,39262,44962,84224,154052,,No
2024-05-05,Sunday,38589,26092,64681,41833,34615,76448,141129,,No
2024-05-06,Monday,48625,30242,78867,39787,39411,79198,158065,,No
2024-05-07,Tuesday,37684,26400,64084,38261,39009,77270,141354,,No
2024-05-08,Wednesday,38397,29879,68276,39174,42079,81253,149529,,No
2024-05-09,Thursday,38383,35487,73870,36397,39628,76025,149895,,No
2024-05-10,Friday,35072,47745,82817,35793,52453,88246,171063,Akshaya Tritiya (wedding season),Yes
2024-05-11,Saturday,33534,75293,108827,33752,60310,94062,202889,,No
2024-05-12,Sunday,27145,63377,90522,36860,43327,80187,170709,,No
2024-05-13,Monday,68394,30322,98716,56003,39067,95070,193786,,No
2024-05-14,Tuesday,84134,25732,109866,53471,35930,89401,199267,,No
2024-05-15,Wednesday,84025,29309,113334,53842,38476,92318,205652,,No
2024-05-16,Thursday,65292,26354,91646,44806,33829,78635,170281,,No
2024-05-17,Friday,52407,26752,79159,47186,40364,87550,166709,,No
2024-05-18,Saturday,52189,31318,83507,42628,44687,87315,170822,,No
2024-05-19,Sunday,53464,29168,82632,44949,34902,79851,162483,,No
2024-05-20,Monday,59696,34506,94202,46462,39590,86052,180254,,No
2024-05-21,Tuesday,49300,31228,80528,45494,38036,83530,164058,,No
2024-05-22,Wednesday,46877,29084,75961,47467,41285,88752,164713,,No
2024-05-23,Thursday,49464,31757,81221,44885,38428,83313,164534,,No
2024-05-24,Friday,45822,32221,78043,46901,43056,89957,168000,,No
2024-05-25,Saturday,47091,37329,84420,44067,48091,92158,176578,,No
2024-05-26,Sunday,50167,31913,82080,47814,37714,85528,167608,,No
2024-05-27,Monday,56876,34968,91844,46031,41556,87587,179431,,No
2024-05-28,Tuesday,49581,32370,81951,46940,40641,87581,169532,,No
2024-05-29,Wednesday,47834,33093,80927,45110,41860,86970,167897,,No
2024-05-30,Thursday,46626,33608,80234,44676,38378,83054,163288,,No
2024-05-31,Friday,41835,33090,74925,44271,43804,88075,163000,,No
2024-06-01,Saturday,42904,37601,80505,43117,45552,88669,169174,,No
2024-06-02,Sunday,52156,31967,84123,46431,35891,82322,166445,,No
2024-06-03,Monday,55206,37057,92263,46220,42810,89030,181293,,No
2024-06-04,Tuesday,42216,30549,72765,45209,38942,84151,156916,,No
2024-06-05,Wednesday,45427,30197,75624,45194,37908,83102,158726,,No
2024-06-06,Thursday,44193,30705,74898,41321,36655,77976,152874,,No
2024-06-07,Friday,49290,34200,83490,46120,43945,90065,173555,,No
2024-06-08,Saturday,47473,40140,87613,42122,48317,90439,178052,,No
2024-06-09,Sunday,50326,33631,83957,45206,36599,81805,165762,,No
2024-06-10,Monday,57304,42178,99482,45129,44230,89359,188841,,No
2024-06-11,Tuesday,48137,38610,86747,42654,42182,84836,171583,,No
2024-06-12,Wednesday,44456,37606,82062,43254,41225,84479,166541,,No
2024-06-13,Thursday,43062,36375,79437,39459,39933,79392,158829,,No
2024-06-14,Friday,40766,36275,77041,40598,45753,86351,163392,,No
2024-06-15,Saturday,47372,44708,92080,39752,48828,88580,180660,,No
2024-06-16,Sunday,45906,37434,83340,42805,36830,79635,162975,,No
2024-06-17,Monday,51893,36143,88036,45162,41257,86419,174455,Eid al-Adha (Bakrid),Yes
2024-06-18,Tuesday,49012,34803,83815,42791,37621,80412,164227,,No
2024-06-19,Wednesday,47931,32230,80161,43245,38106,81351,161512,,No
2024-06-20,Thursday,44161,32560,76721,38913,34846,73759,150480,,No
2024-06-21,Friday,42426,31244,73670,40530,41743,82273,155943,,No
2024-06-22,Saturday,41300,33140,74440,38805,42363,81168,155608,,No
2024-06-23,Sunday,45526,30236,75762,41824,34022,75846,151608,,No
2024-06-24,Monday,50120,33052,83172,37888,36295,74183,157355,,No
2024-06-25,Tuesday,43693,28521,72214,36189,34608,70797,143011,,No
2024-06-26,Wednesday,42723,29336,72059,40219,36252,76471,148530,,No
2024-06-27,Thursday,39423,27922,67345,35726,33987,69713,137058,,No
2024-06-28,Friday,38095,27510,65605,39161,38963,78124,143729,,No
2024-06-29,Saturday,38646,31542,70188,38286,40460,78746,148934,,No
2024-06-30,Sunday,43056,34815,77871,42649,35253,77902,155773,,No
2024-07-01,Monday,51814,36743,88557,33046,36879,69925,158482,,No
2024-07-02,Tuesday,47177,30794,77971,35118,34767,69885,147856,,No
2024-07-03,Wednesday,44853,28580,73433,41427,36015,77442,150875,,No
2024-07-04,Thursday,42879,28362,71241,36814,35274,72088,143329,,No
2024-07-05,Friday,38722,27908,66630,37221,37860,75081,141711,,No
2024-07-06,Saturday,41304,33997,75301,36990,45118,82108,157409,,No
2024-07-07,Sunday,46062,30717,76779,43779,35545,79324,156103,,No
2024-07-08,Monday,50141,33859,84000,41191,35508,76699,160699,,No
2024-07-09,Tuesday,43214,31161,74375,38635,35683,74318,148693,,No
2024-07-10,Wednesday,43072,30783,73855,41794,39801,81595,155450,,No
2024-07-11,Thursday,38554,31332,69886,37100,36737,73837,143723,,No
2024-07-12,Friday,42421,32663,75084,42568,41290,83858,158942,,No
2024-07-13,Saturday,40674,38392,79066,37524,45293,82817,161883,,No
2024-07-14,Sunday,45495,33120,78615,44572,35673,80245,158860,,No
2024-07-15,Monday,47376,33917,81293,40766,36463,77229,158522,,No
2024-07-16,Tuesday,39643,32171,71814,38472,35366,73838,145652,,No
2024-07-17,Wednesday,39142,29316,68458,41126,37683,78809,147267,,No
2024-07-18,Thursday,45070,28671,73741,37155,34409,71564,145305,,No
2024-07-19,Friday,43487,28013,71500,41681,38494,80175,151675,,No
2024-07-20,Saturday,39086,29959,69045,36519,43083,79602,148647,,No
2024-07-21,Sunday,43323,27095,70418,45231,33052,78283,148701,,No
2024-07-22,Monday,48994,31322,80316,41937,32948,74885,155201,,No
2024-07-23,Tuesday,43821,29422,73243,37991,32443,70434,143677,,No
2024-07-24,Wednesday,40866,29204,70070,39602,34406,74008,144078,,No
2024-07-25,Thursday,38356,27957,66313,34979,34576,69555,135868,,No
2024-07-26,Friday,39046,29026,68072,39968,38184,78152,146224,,No
2024-07-27,Saturday,46523,33164,79687,35571,42000,77571,157258,,No
2024-07-28,Sunday,40440,25658,66098,42110,32537,74647,140745,,No
2024-07-29,Monday,47954,34300,82254,40306,33973,74279,156533,,No
2024-07-30,Tuesday,42745,32971,75716,37323,33598,70921,146637,,No
2024-07-31,Wednesday,42264,36352,78616,38832,37124,75956,154572,,No
2024-08-01,Thursday,45441,33847,79288,35917,35438,71355,150643,,No
2024-08-02,Friday,44173,30336,74509,39787,37963,77750,152259,,No
2024-08-03,Saturday,41232,31363,72595,35218,41251,76469,149064,,No
2024-08-04,Sunday,41556,27645,69201,42314,31820,74134,143335,,No
2024-08-05,Monday,49267,31873,81140,39931,34389,74320,155460,,No
2024-08-06,Tuesday,42145,29895,72040,37942,35274,73216,145256,,No
2024-08-07,Wednesday,40427,30714,71141,40802,36535,77337,148478,,No
2024-08-08,Thursday,42434,30059,72493,35485,37732,73217,145710,,No
2024-08-09,Friday,40054,29715,69769,41756,41304,83060,152829,,No
2024-08-10,Saturday,41375,38540,79915,37535,45495,83030,162945,,No
2024-08-11,Sunday,48741,34730,83471,45511,36594,82105,165576,,No
2024-08-12,Monday,51685,35614,87299,41249,38503,79752,167051,,No
2024-08-13,Tuesday,42311,34858,77169,39829,40416,80245,157414,,No
2024-08-14,Wednesday,41737,44361,86098,43216,51057,94273,180371,,No
2024-08-15,Thursday,41080,40704,81784,41551,42424,83975,165759,Independence Day,Yes
2024-08-16,Friday,40568,36144,76712,40456,44821,85277,161989,,No
2024-08-17,Saturday,40738,50889,91627,41247,48749,89996,181623,,No
2024-08-18,Sunday,48733,45435,94168,49507,40438,89945,184113,,No
2024-08-19,Monday,64753,38966,103719,49661,41755,91416,195135,Raksha Bandhan,Yes
2024-08-20,Tuesday,64509,35183,99692,44716,39729,84445,184137,,No
2024-08-21,Wednesday,57251,37292,94543,45254,40593,85847,180390,,No
2024-08-22,Thursday,52851,35105,87956,40316,38672,78988,166944,,No
2024-08-23,Friday,46487,32112,78599,43226,40425,83651,162250,,No
2024-08-24,Saturday,45728,36817,82545,37875,44866,82741,165286,,No
2024-08-25,Sunday,50668,31803,82471,45431,34139,79570,162041,,No
2024-08-26,Monday,55742,32870,88612,44152,37316,81468,170080,,No
2024-08-27,Tuesday,47473,32573,80046,41560,36947,78507,158553,,No
2024-08-28,Wednesday,46313,31366,77679,44072,37684,81756,159435,,No
2024-08-29,Thursday,44325,30029,74354,36825,36141,72966,147320,,No
2024-08-30,Friday,39173,31550,70723,39227,38912,78139,148862,,No
2024-08-31,Saturday,37577,31884,69461,34058,43739,77797,147258,,No
2024-09-01,Sunday,27747,17507,45254,26475,18777,45252,90506,,No
2024-09-02,Monday,31880,24903,56783,22126,20762,42888,99671,,No
2024-09-03,Tuesday,32830,22159,54989,24834,21395,46229,101218,,No
2024-09-04,Wednesday,33055,25039,58094,31938,27877,59815,117909,,No
2024-09-05,Thursday,32534,26523,59057,29783,33175,62958,122015,,No
2024-09-06,Friday,31395,33253,64648,30614,38906,69520,134168,,No
2024-09-07,Saturday,24649,26466,51115,26402,33782,60184,111299,Ganesh Chaturthi,Yes
2024-09-08,Sunday,44718,25652,70370,44023,28356,72379,142749,,No
2024-09-09,Monday,49312,30487,79799,39843,31535,71378,151177,,No
2024-09-10,Tuesday,42324,27326,69650,35058,29880,64938,134588,,No
2024-09-11,Wednesday,39774,29419,69193,37752,34181,71933,141126,,No
2024-09-12,Thursday,39754,29181,68935,34560,33929,68489,137424,,No
2024-09-13,Friday,39670,32362,72032,39620,42399,82019,154051,,No
2024-09-14,Saturday,39470,39434,78904,36304,42356,78660,157564,,No
2024-09-15,Sunday,38954,30943,69897,44081,33724,77805,147702,,No
2024-09-16,Monday,41490,33311,74801,39533,36046,75579,150380,,No
2024-09-17,Tuesday,41520,27924,69444,38281,32051,70332,139776,,No
2024-09-18,Wednesday,47859,30720,78579,40331,34699,75030,153609,,No
2024-09-19,Thursday,45175,29544,74719,33157,31795,64952,139671,,No
2024-09-20,Friday,39867,28215,68082,36439,38392,74831,142913,,No
2024-09-21,Saturday,38416,31357,69773,34892,39216,74108,143881,,No
2024-09-22,Sunday,42963,29161,72124,42204,32121,74325,146449,,No
2024-09-23,Monday,45989,30243,76232,36293,31854,68147,144379,,No
2024-09-24,Tuesday,34793,25252,60045,33278,32857,66135,126180,,No
2024-09-25,Wednesday,32402,22739,55141,36422,33459,69881,125022,,No
2024-09-26,Thursday,32062,23865,55927,32756,32180,64936,120863,,No
2024-09-27,Friday,31050,22778,53828,34931,39110,74041,127869,,No
2024-09-28,Saturday,30326,28342,58668,33020,41418,74438,133106,,No
2024-09-29,Sunday,32233,23787,56020,36936,34600,71536,127556,,No
2024-09-30,Monday,37444,32857,70301,33330,37163,70493,140794,,No
2024-10-01,Tuesday,41111,32619,73730,33001,41691,74692,148422,,No
2024-10-02,Wednesday,36040,25055,61095,38657,43112,81769,142864,Gandhi Jayanti,Yes
2024-10-03,Thursday,41046,27897,68943,34645,38364,73009,141952,,No
2024-10-04,Friday,39552,29772,69324,38381,44138,82519,151843,,No
2024-10-05,Saturday,37957,38935,76892,40202,45468,85670,162562,,No
2024-10-06,Sunday,38329,33667,71996,40827,38653,79480,151476,,No
2024-10-07,Monday,39144,34871,74015,38375,42712,81087,155102,,No
2024-10-08,Tuesday,35815,35270,71085,36584,44790,81374,152459,,No
2024-10-09,Wednesday,36102,42786,78888,39976,50482,90458,169346,,No
2024-10-10,Thursday,30255,44184,74439,38361,44449,82810,157249,,No
2024-10-11,Friday,28253,43535,71788,39158,49930,89088,160876,,No
2024-10-12,Saturday,27886,33236,61122,44173,45639,89812,150934,Dussehra / Vijayadashami,Yes
2024-10-13,Sunday,66920,29348,96268,56255,37252,93507,189775,,No
2024-10-14,Monday,86798,39750,126548,54481,40537,95018,221566,,No
2024-10-15,Tuesday,74282,33725,108007,49291,39475,88766,196773,,No
2024-10-16,Wednesday,64760,33802,98562,47653,42428,90081,188643,,No
2024-10-17,Thursday,57239,33312,90551,43194,38096,81290,171841,,No
2024-10-18,Friday,53491,29449,82940,42472,42974,85446,168386,,No
2024-10-19,Saturday,45174,32711,77885,41787,46697,88484,166369,,No
2024-10-20,Sunday,52763,29703,82466,45721,36978,82699,165165,,No
2024-10-21,Monday,53667,33009,86676,42176,37241,79417,166093,,No
2024-10-22,Tuesday,42865,28386,71251,39794,34884,74678,145929,,No
2024-10-23,Wednesday,41675,28322,69997,37581,38192,75773,145770,,No
2024-10-24,Thursday,36895,29327,66222,32912,35744,68656,134878,,No
2024-10-25,Friday,34580,28527,63107,35851,45982,81833,144940,,No
2024-10-26,Saturday,35849,36890,72739,36961,48402,85363,158102,,No
2024-10-27,Sunday,39849,32254,72103,41907,38572,80479,152582,,No
2024-10-28,Monday,40496,36141,76637,36481,40505,76986,153623,,No
2024-10-29,Tuesday,31291,32405,63696,31374,42556,73930,137626,,No
2024-10-30,Wednesday,30882,44354,75236,32467,54465,86932,162168,,No
2024-10-31,Thursday,22753,36096,58849,23528,40144,63672,122521,,No
2024-11-01,Friday,32922,30642,63564,35963,41156,77119,140683,Diwali (Lakshmi Puja),Yes
2024-11-02,Saturday,45176,34583,79759,43651,47171,90822,170581,,No
2024-11-03,Sunday,72905,30594,103499,52921,36963,89884,193383,Bhai Dooj (approx.),Yes
2024-11-04,Monday,63305,32325,95630,49157,37648,86805,182435,,No
2024-11-05,Tuesday,47089,28672,75761,44617,36578,81195,156956,,No
2024-11-06,Wednesday,45466,29355,74821,46031,44175,90206,165027,,No
2024-11-07,Thursday,43032,30085,73117,42476,41931,84407,157524,,No
2024-11-08,Friday,41025,30967,71992,43130,45219,88349,160341,,No
2024-11-09,Saturday,44154,36702,80856,41461,48721,90182,171038,,No
2024-11-10,Sunday,52791,33851,86642,47843,37586,85429,172071,,No
2024-11-11,Monday,52909,36270,89179,41079,39942,81021,170200,,No
2024-11-12,Tuesday,46847,33447,80294,42636,39054,81690,161984,,No
2024-11-13,Wednesday,40558,31162,71720,43830,42446,86276,157996,,No
2024-11-14,Thursday,45260,38966,84226,39680,42158,81838,166064,,No
2024-11-15,Friday,40817,32795,73612,43362,44633,87995,161607,,No
2024-11-16,Saturday,47358,41518,88876,40785,48965,89750,178626,,No
2024-11-17,Sunday,56106,33734,89840,48145,37251,85396,175236,,No
2024-11-18,Monday,61523,36549,98072,44111,39777,83888,181960,,No
2024-11-19,Tuesday,51373,33337,84710,40271,37236,77507,162217,,No
2024-11-20,Wednesday,48868,31242,80110,42572,41448,84020,164130,,No
2024-11-21,Thursday,44129,30216,74345,38160,37554,75714,150059,,No
2024-11-22,Friday,43420,28809,72229,41282,43603,84885,157114,,No
2024-11-23,Saturday,41994,35790,77784,39798,47433,87231,165015,,No
2024-11-24,Sunday,48089,31697,79786,45833,35847,81680,161466,,No
2024-11-25,Monday,51056,34682,85738,43266,37618,80884,166622,,No
2024-11-26,Tuesday,44881,29629,74510,39616,35782,75398,149908,,No
2024-11-27,Wednesday,42784,30229,73013,39864,40826,80690,153703,,No
2024-11-28,Thursday,41700,30281,71981,36318,38628,74946,146927,,No
2024-11-29,Friday,38318,30627,68945,39779,42922,82701,151646,,No
2024-11-30,Saturday,40704,33950,74654,39669,46102,85771,160425,,No
2024-12-01,Sunday,47555,30283,77838,46080,34954,81034,158872,,No
2024-12-02,Monday,51169,33521,84690,41823,36483,78306,162996,,No
2024-12-03,Tuesday,45291,31168,76459,38898,36182,75080,151539,,No
2024-12-04,Wednesday,43085,31763,74848,40477,41236,81713,156561,,No
2024-12-05,Thursday,44161,32546,76707,38620,37417,76037,152744,,No
2024-12-06,Friday,43972,32857,76829,42242,45115,87357,164186,,No
2024-12-07,Saturday,46615,36928,83543,41348,46785,88133,171676,,No
2024-12-08,Sunday,51534,32324,83858,45279,35377,80656,164514,,No
2024-12-09,Monday,51934,35167,87101,42562,37472,80034,167135,,No
2024-12-10,Tuesday,43565,32902,76467,37695,36004,73699,150166,,No
2024-12-11,Wednesday,42980,32949,75929,40891,41121,82012,157941,,No
2024-12-12,Thursday,46106,32594,78700,40091,38472,78563,157263,,No
2024-12-13,Friday,45219,34027,79246,44077,44146,88223,167469,,No
2024-12-14,Saturday,47373,41267,88640,40670,46381,87051,175691,,No
2024-12-15,Sunday,51069,31987,83056,45700,37385,83085,166141,,No
2024-12-16,Monday,55634,36398,92032,43461,38430,81891,173923,,No
2024-12-17,Tuesday,49863,34008,83871,40135,36976,77111,160982,,No
2024-12-18,Wednesday,45854,31137,76991,39444,40875,80319,157310,,No
2024-12-19,Thursday,45670,32838,78508,38643,39584,78227,156735,,No
2024-12-20,Friday,44256,33355,77611,42051,43605,85656,163267,,No
2024-12-21,Saturday,46852,41106,87958,40241,48521,88762,176720,,No
2024-12-22,Sunday,45093,37007,82100,43442,39400,82842,164942,,No
2024-12-23,Monday,51220,41994,93214,40831,42291,83122,176336,,No
2024-12-24,Tuesday,43708,42537,86245,39777,42027,81804,168049,,No
2024-12-25,Wednesday,41712,33697,75409,44127,44162,88289,163698,Christmas,Yes
2024-12-26,Thursday,52169,33120,85289,44499,39696,84195,169484,,No
2024-12-27,Friday,46785,31560,78345,44413,41908,86321,164666,,No
2024-12-28,Saturday,45466,35264,80730,42261,45407,87668,168398,,No
2024-12-29,Sunday,46474,30142,76616,44752,36951,81703,158319,,No
2024-12-30,Monday,42831,35770,78601,41574,38519,80093,158694,,No
2024-12-31,Tuesday,34103,29166,63269,31786,35306,67092,130361,,No
2025-01-01,Wednesday,38686,24356,63042,42989,36881,79870,142912,New Year's Day,Yes
2025-01-02,Thursday,49510,31294,80804,37523,36118,73641,154445,,No
2025-01-03,Friday,43225,28008,71233,41013,39148,80161,151394,,No
2025-01-04,Saturday,41278,30892,72170,39689,42065,81754,153924,,No
2025-01-05,Sunday,44554,27696,72250,42859,34936,77795,150045,,No
2025-01-06,Monday,46591,32460,79051,37694,37990,75684,154735,,No
2025-01-07,Tuesday,38996,28841,67837,32489,36236,68725,136562,,No
2025-01-08,Wednesday,37183,30814,67997,34053,41937,75990,143987,,No
2025-01-09,Thursday,36811,35377,72188,30844,43810,74654,146842,,No
2025-01-10,Friday,40926,49748,90674,38700,50683,89383,180057,,No
2025-01-11,Saturday,39465,70550,110015,37238,50573,87811,197826,,No
2025-01-12,Sunday,34398,54876,89274,34124,45595,79719,168993,,No
2025-01-13,Monday,31946,40524,72470,30256,43801,74057,146527,Bhogi (Sankranti eve),Yes
2025-01-14,Tuesday,31838,25373,57211,38899,33671,72570,129781,Makar Sankranti,Yes
2025-01-15,Wednesday,49476,26027,75503,47879,35409,83288,158791,Kanuma,Yes
2025-01-16,Thursday,67233,31838,99071,44065,35852,79917,178988,,No
2025-01-17,Friday,59545,29868,89413,47300,36789,84089,173502,,No
2025-01-18,Saturday,59508,35191,94699,47328,42122,89450,184149,,No
2025-01-19,Sunday,75041,33524,108565,51895,34208,86103,194668,,No
2025-01-20,Monday,74600,37056,111656,46246,34969,81215,192871,,No
2025-01-21,Tuesday,54077,31181,85258,40636,31802,72438,157696,,No
2025-01-22,Wednesday,49090,29963,79053,44242,35475,79717,158770,,No
2025-01-23,Thursday,47665,29741,77406,36976,36012,72988,150394,,No
2025-01-24,Friday,39841,28422,68263,41236,38625,79861,148124,,No
2025-01-25,Saturday,39785,33967,73752,37707,42455,80162,153914,,No
2025-01-26,Sunday,43531,27650,71181,44349,32545,76894,148075,Republic Day,Yes
2025-01-27,Monday,45672,33110,78782,38844,34492,73336,152118,,No
2025-01-28,Tuesday,38327,29742,68069,33511,33284,66795,134864,,No
2025-01-29,Wednesday,36219,27593,63812,36421,35268,71689,135501,,No
2025-01-30,Thursday,37734,31410,69144,35119,36788,71907,141051,,No
2025-01-31,Friday,37619,34054,71673,38278,40368,78646,150319,,No
2025-02-01,Saturday,45171,39609,84780,36229,43982,80211,164991,,No
2025-02-02,Sunday,49892,33851,83743,43403,35132,78535,162278,,No
2025-02-03,Monday,52613,35485,88098,39561,37704,77265,165363,,No
2025-02-04,Tuesday,43197,30963,74160,34908,34772,69680,143840,,No
2025-02-05,Wednesday,40821,30367,71188,38227,40836,79063,150251,,No
2025-02-06,Thursday,42056,35205,77261,35402,38912,74314,151575,,No
2025-02-07,Friday,42695,35567,78262,41429,43071,84500,162762,,No
2025-02-08,Saturday,44511,40889,85400,38496,46360,84856,170256,,No
2025-02-09,Sunday,53601,33306,86907,45933,35622,81555,168462,,No
2025-02-10,Monday,53659,35627,89286,40118,37489,77607,166893,,No
2025-02-11,Tuesday,39460,31977,71437,33644,34619,68263,139700,,No
2025-02-12,Wednesday,39662,30018,69680,38444,38808,77252,146932,,No
2025-02-13,Thursday,41588,32624,74212,35312,36841,72153,146365,,No
2025-02-14,Friday,39964,32335,72299,38331,40899,79230,151529,,No
2025-02-15,Saturday,41331,40158,81489,37202,45800,83002,164491,,No
2025-02-16,Sunday,50088,32204,82292,43268,34080,77348,159640,,No
2025-02-17,Monday,53620,35633,89253,40836,37487,78323,167576,,No
2025-02-18,Tuesday,40838,30404,71242,34849,34200,69049,140291,,No
2025-02-19,Wednesday,39320,30307,69627,36530,36601,73131,142758,,No
2025-02-20,Thursday,38657,32084,70741,31905,35928,67833,138574,,No
2025-02-21,Friday,38775,31264,70039,39422,39320,78742,148781,,No
2025-02-22,Saturday,40117,43286,83403,35235,44937,80172,163575,,No
2025-02-23,Sunday,47330,33335,80665,42697,34106,76803,157468,,No
2025-02-24,Monday,49675,36186,85861,38730,36761,75491,161352,,No
2025-02-25,Tuesday,37700,37051,74751,31689,36026,67715,142466,,No
2025-02-26,Wednesday,30591,26942,57533,34467,36815,71282,128815,,No
2025-02-27,Thursday,41833,28635,70468,33325,33558,66883,137351,,No
2025-02-28,Friday,43383,33437,76820,38041,38514,76555,153375,,No
2025-03-01,Saturday,50579,42185,92764,37315,44630,81945,174709,,No
2025-03-02,Sunday,57262,32689,89951,44199,33668,77867,167818,,No
2025-03-03,Monday,57696,34904,92600,40091,35161,75252,167852,,No
2025-03-04,Tuesday,44944,32549,77493,35295,34705,70000,147493,,No
2025-03-05,Wednesday,42757,32492,75249,36452,39042,75494,150743,,No
2025-03-06,Thursday,41665,31798,73463,32560,37130,69690,143153,,No
2025-03-07,Friday,38279,29938,68217,38428,40379,78807,147024,,No
2025-03-08,Saturday,38489,37641,76130,35021,44300,79321,155451,,No
2025-03-09,Sunday,43719,30056,73775,41267,32990,74257,148032,,No
2025-03-10,Monday,47006,35166,82172,37133,35752,72885,155057,,No
2025-03-11,Tuesday,38245,32637,70882,31697,34720,66417,137299,,No
2025-03-12,Wednesday,33917,31423,65340,32452,40228,72680,138020,,No
2025-03-13,Thursday,33771,35510,69281,31385,38866,70251,139532,,No
2025-03-14,Friday,28107,28606,56713,35537,38129,73666,130379,Holi,Yes
2025-03-15,Saturday,35867,34688,70555,35623,41769,77392,147947,,No
2025-03-16,Sunday,55168,30277,85445,45244,32018,77262,162707,,No
2025-03-17,Monday,57261,32990,90251,40000,34371,74371,164622,,No
2025-03-18,Tuesday,46251,29429,75680,34529,31693,66222,141902,,No
2025-03-19,Wednesday,45592,28773,74365,34440,35591,70031,144396,,No
2025-03-20,Thursday,44336,30194,74530,31383,33282,64665,139195,,No
2025-03-21,Friday,42776,27629,70405,37314,37414,74728,145133,,No
2025-03-22,Saturday,39761,32313,72074,33054,41738,74792,146866,,No
2025-03-23,Sunday,44732,28321,73053,40461,31546,72007,145060,,No
2025-03-24,Monday,47530,34616,82146,34865,34426,69291,151437,,No
2025-03-25,Tuesday,41373,31566,72939,30495,33416,63911,136850,,No
2025-03-26,Wednesday,40161,30502,70663,30102,36361,66463,137126,,No
2025-03-27,Thursday,35576,33705,69281,27904,34911,62815,132096,,No
2025-03-28,Friday,34637,42085,76722,31635,40509,72144,148866,,No
2025-03-29,Saturday,31016,51867,82883,26638,43441,70079,152962,,No
2025-03-30,Sunday,24721,27342,52063,32770,30411,63181,115244,Ugadi (Telugu New Year),Yes
2025-03-31,Monday,47981,30111,78092,39373,33417,72790,150882,Eid al-Fitr (Ramzan),Yes
2025-04-01,Tuesday,57094,31969,89063,36580,31812,68392,157455,,No
2025-04-02,Wednesday,58351,31178,89529,35964,34215,70179,159708,,No
2025-04-03,Thursday,51026,29126,80152,33310,29347,62657,142809,,No
2025-04-04,Friday,42265,29094,71359,34492,36030,70522,141881,,No
2025-04-05,Saturday,38313,33383,71696,33163,38273,71436,143132,,No
2025-04-06,Sunday,42235,25786,68021,38542,29341,67883,135904,,No
2025-04-07,Monday,50597,32992,83589,35397,32255,67652,151241,,No
2025-04-08,Tuesday,42394,29542,71936,33394,30005,63399,135335,,No
2025-04-09,Wednesday,39276,29150,68426,33112,35654,68766,137192,,No
2025-04-10,Thursday,39461,30879,70340,30071,31550,61621,131961,,No
2025-04-11,Friday,39500,34656,74156,34623,39110,73733,147889,,No
2025-04-12,Saturday,39322,38679,78001,33897,38967,72864,150865,,No
2025-04-13,Sunday,42438,30138,72576,39387,31533,70920,143496,,No
2025-04-14,Monday,50490,33303,83793,37074,35511,72585,156378,,No
2025-04-15,Tuesday,39963,28947,68910,31386,29817,61203,130113,,No
2025-04-16,Wednesday,39154,29568,68722,30731,35633,66364,135086,,No
2025-04-17,Thursday,41151,32753,73904,29224,31539,60763,134667,,No
2025-04-18,Friday,38165,31998,70163,32305,36261,68566,138729,,No
2025-04-19,Saturday,36852,33591,70443,31637,35842,67479,137922,,No
2025-04-20,Sunday,47955,29066,77021,38345,29589,67934,144955,,No
2025-04-21,Monday,50734,32835,83569,34025,33190,67215,150784,,No
2025-04-22,Tuesday,41136,29331,70467,31865,30850,62715,133182,,No
2025-04-23,Wednesday,42084,30279,72363,32518,35418,67936,140299,,No
2025-04-24,Thursday,40691,27097,67788,28477,28421,56898,124686,,No
2025-04-25,Friday,38066,27594,65660,29918,34017,63935,129595,,No
2025-04-26,Saturday,35906,28700,64606,28256,33173,61429,126035,,No
2025-04-27,Sunday,39696,27099,66795,33027,27482,60509,127304,,No
2025-04-28,Monday,43076,30796,73872,29498,31589,61087,134959,,No
2025-04-29,Tuesday,38360,31242,69602,30179,28798,58977,128579,,No
2025-04-30,Wednesday,34307,35368,69675,29596,35306,64902,134577,,No
2025-05-01,Thursday,45261,33668,78929,29275,26732,56007,134936,,No
2025-05-02,Friday,47240,30985,78225,30857,34061,64918,143143,,No
2025-05-03,Saturday,42547,32637,75184,30018,31670,61688,136872,,No
2025-05-04,Sunday,41623,30038,71661,32310,27645,59955,131616,,No
2025-05-05,Monday,46677,31969,78646,30707,29242,59949,138595,,No
2025-05-06,Tuesday,38198,29811,68009,27755,29094,56849,124858,,No
2025-05-07,Wednesday,39007,31686,70693,29592,33907,63499,134192,,No
2025-05-08,Thursday,37849,32052,69901,28240,26200,54440,124341,,No
2025-05-09,Friday,38222,31837,70059,31849,33699,65548,135607,,No
2025-05-10,Saturday,40052,34379,74431,30289,31873,62162,136593,,No
2025-05-11,Sunday,44062,29363,73425,33708,27008,60716,134141,,No
2025-05-12,Monday,48337,30662,78999,30611,29102,59713,138712,,No
2025-05-13,Tuesday,40342,29014,69356,28845,27880,56725,126081,,No
2025-05-14,Wednesday,41957,29368,71325,30403,32997,63400,134725,,No
2025-05-15,Thursday,42977,28459,71436,28363,25546,53909,125345,,No
2025-05-16,Friday,40415,29463,69878,31469,32282,63751,133629,,No
2025-05-17,Saturday,41694,31396,73090,30332,31849,62181,135271,,No
2025-05-18,Sunday,45063,29021,74084,33458,26628,60086,134170,,No
2025-05-19,Monday,51616,31085,82701,31018,28169,59187,141888,,No
2025-05-20,Tuesday,44340,29475,73815,28570,27684,56254,130069,,No
2025-05-21,Wednesday,43005,29237,72242,29315,32519,61834,134076,,No
2025-05-22,Thursday,43655,28618,72273,29226,25365,54591,126864,,No
2025-05-23,Friday,39417,27801,67218,31165,31181,62346,129564,,No
2025-05-24,Saturday,42709,29474,72183,30539,31665,62204,134387,,No
2025-05-25,Sunday,50492,28925,79417,32581,26205,58786,138203,,No
2025-05-26,Monday,48761,30454,79215,31528,27906,59434,138649,,No
2025-05-27,Tuesday,40647,26548,67195,28344,26946,55290,122485,,No
2025-05-28,Wednesday,40290,27618,67908,29631,32634,62265,130173,,No
2025-05-29,Thursday,39528,27809,67337,28611,25242,53853,121190,,No
2025-05-30,Friday,39959,31979,71938,31570,33199,64769,136707,,No
2025-05-31,Saturday,41989,32529,74518,30362,33211,63573,138091,,No
2025-06-01,Sunday,48796,34726,83522,33841,27060,60901,144423,,No
2025-06-02,Monday,56260,35035,91295,32858,28725,61583,152878,,No
2025-06-03,Tuesday,46689,32293,78982,28999,27901,56900,135882,,No
2025-06-04,Wednesday,43631,34224,77855,30943,33058,64001,141856,,No
2025-06-05,Thursday,44301,32499,76800,30161,26517,56678,133478,,No
2025-06-06,Friday,41970,34554,76524,31664,33633,65297,141821,,No
2025-06-07,Saturday,41087,30527,71614,31502,30223,61725,133339,Eid al-Adha (Bakrid),Yes
2025-06-08,Sunday,51289,31539,82828,34713,26577,61290,144118,,No
2025-06-09,Monday,57845,33678,91523,32489,27919,60408,151931,,No
2025-06-10,Tuesday,49445,29589,79034,28676,26496,55172,134206,,No
2025-06-11,Wednesday,47472,30043,77515,30200,30209,60409,137924,,No
2025-06-12,Thursday,46151,27222,73373,28981,23594,52575,125948,,No
2025-06-13,Friday,43126,29042,72168,31107,32719,63826,135994,,No
2025-06-14,Saturday,41181,29469,70650,30128,28788,58916,129566,,No
2025-06-15,Sunday,44814,30251,75065,32812,25813,58625,133690,,No
2025-06-16,Monday,50325,31800,82125,29838,25915,55753,137878,,No
2025-06-17,Tuesday,43767,27164,70931,25329,24891,50220,121151,,No
2025-06-18,Wednesday,43261,26995,70256,27542,27971,55513,125769,,No
2025-06-19,Thursday,41340,26142,67482,25904,22140,48044,115526,,No
2025-06-20,Friday,39967,26673,66640,27793,30296,58089,124729,,No
2025-06-21,Saturday,43183,27741,70924,27627,27539,55166,126090,,No
2025-06-22,Sunday,46825,28244,75069,31149,24530,55679,130748,,No
2025-06-23,Monday,50587,29313,79900,28298,24655,52953,132853,,No
2025-06-24,Tuesday,43366,24630,67996,23837,23729,47566,115562,,No
2025-06-25,Wednesday,38122,24372,62494,25614,27182,52796,115290,,No
2025-06-26,Thursday,41116,25105,66221,25670,22323,47993,114214,,No
2025-06-27,Friday,38216,25738,63954,26376,30214,56590,120544,,No
2025-06-28,Saturday,35846,24919,60765,25952,26930,52882,113647,,No
2025-06-29,Sunday,40658,26859,67517,30045,24732,54777,122294,,No
2025-06-30,Monday,44364,29303,73667,27431,25088,52519,126186,,No
2025-07-01,Tuesday,41427,28035,69462,23161,23793,46954,116416,,No
2025-07-02,Wednesday,39695,26308,66003,24903,27283,52186,118189,,No
2025-07-03,Thursday,38709,25671,64380,23918,22955,46873,111253,,No
2025-07-04,Friday,35401,29298,64699,24682,30242,54924,119623,,No
2025-07-05,Saturday,33139,28678,61817,26386,26802,53188,115005,,No
2025-07-06,Sunday,36452,25247,61699,29059,23359,52418,114117,,No
2025-07-07,Monday,45145,27232,72377,27131,23290,50421,122798,,No
2025-07-08,Tuesday,40607,25539,66146,23681,23594,47275,113421,,No
2025-07-09,Wednesday,38923,25461,64384,25564,27307,52871,117255,,No
2025-07-10,Thursday,40556,25463,66019,25827,22232,48059,114078,,No
2025-07-11,Friday,39343,27337,66680,26747,30318,57065,123745,,No
2025-07-12,Saturday,42694,30512,73206,27820,27367,55187,128393,,No
2025-07-13,Sunday,45160,28591,73751,30930,24641,55571,129322,,No
2025-07-14,Monday,46478,30998,77476,28631,24077,52708,130184,,No
2025-07-15,Tuesday,41391,26572,67963,24294,23876,48170,116133,,No
2025-07-16,Wednesday,39991,27181,67172,25504,27178,52682,119854,,No
2025-07-17,Thursday,37355,25723,63078,25186,21918,47104,110182,,No
2025-07-18,Friday,36886,23188,60074,25895,29249,55144,115218,,No
2025-07-19,Saturday,44101,28201,72302,27655,27789,55444,127746,,No
2025-07-20,Sunday,38662,25149,63811,29494,24586,54080,117891,,No
2025-07-21,Monday,43743,30721,74464,28601,24130,52731,127195,,No
2025-07-22,Tuesday,39751,30170,69921,23975,23696,47671,117592,,No
2025-07-23,Wednesday,36709,27074,63783,24665,27001,51666,115449,,No
2025-07-24,Thursday,31238,22597,53835,23340,21235,44575,98410,,No
2025-07-25,Friday,28660,24014,52674,24330,28907,53237,105911,,No
2025-07-26,Saturday,29274,23539,52813,25745,26772,52517,105330,,No
2025-07-27,Sunday,32996,23027,56023,28856,24067,52923,108946,,No
2025-07-28,Monday,38652,26122,64774,26731,24294,51025,115799,,No
2025-07-29,Tuesday,33602,24378,57980,23432,23918,47350,105330,,No
2025-07-30,Wednesday,34278,25271,59549,25674,27800,53474,113023,,No
2025-07-31,Thursday,34433,26899,61332,25464,23599,49063,110395,,No
2025-08-01,Friday,39044,28213,67257,24385,30165,54550,121807,,No
2025-08-02,Saturday,36307,28982,65289,27269,27060,54329,119618,,No
2025-08-03,Sunday,40009,26736,66745,30251,25456,55707,122452,,No
2025-08-04,Monday,42929,28936,71865,27226,25306,52532,124397,,No
2025-08-05,Tuesday,36545,28795,65340,23413,24568,47981,113321,,No
2025-08-06,Wednesday,35108,29930,65038,25909,29241,55150,120188,,No
2025-08-07,Thursday,35911,34119,70030,26000,26562,52562,122592,,No
2025-08-08,Friday,36795,48310,85105,25509,33379,58888,143993,,No
2025-08-09,Saturday,38209,39356,77565,28347,27795,56142,133707,Raksha Bandhan,Yes
2025-08-10,Sunday,54137,31973,86110,32008,26580,58588,144698,,No
2025-08-11,Monday,63061,34699,97760,29094,27336,56430,154190,,No
2025-08-12,Tuesday,48593,31104,79697,26906,26166,53072,132769,,No
2025-08-13,Wednesday,42288,32484,74772,28488,32110,60598,135370,,No
2025-08-14,Thursday,41643,36815,78458,28907,27243,56150,134608,,No
2025-08-15,Friday,37909,32676,70585,27802,31910,59712,130297,Independence Day,Yes
2025-08-16,Saturday,37405,27263,64668,29910,27662,57572,122240,,No
2025-08-17,Sunday,56380,29424,85804,34449,25276,59725,145529,,No
2025-08-18,Monday,58165,30626,88791,30919,26250,57169,145960,,No
2025-08-19,Tuesday,45615,26473,72088,25608,24770,50378,122466,,No
2025-08-20,Wednesday,41271,25692,66963,26991,28159,55150,122113,,No
2025-08-21,Thursday,38991,25666,64657,25387,22522,47909,112566,,No
2025-08-22,Friday,33789,27538,61327,24961,28899,53860,115187,,No
2025-08-23,Saturday,32975,27869,60844,26056,27447,53503,114347,,No
2025-08-24,Sunday,36440,25812,62252,29536,24927,54463,116715,,No
2025-08-25,Monday,40691,29423,70114,25218,24779,49997,120111,,No
2025-08-26,Tuesday,30894,29001,59895,20570,25456,46026,105921,,No
2025-08-27,Wednesday,23876,18136,42012,22229,23491,45720,87732,Ganesh Chaturthi,Yes
2025-08-28,Thursday,35213,19651,54864,24803,20188,44991,99855,,No
2025-08-29,Friday,30124,21987,52111,22583,27584,50167,102278,,No
2025-08-30,Saturday,32277,24106,56383,25670,26519,52189,108572,,No
2025-08-31,Sunday,35671,25956,61627,30048,24870,54918,116545,,No
2025-09-01,Monday,43112,29119,72231,27168,24552,51720,123951,,No
2025-09-02,Tuesday,40068,26160,66228,23362,22524,45886,112114,,No
2025-09-03,Wednesday,34990,25064,60054,25072,26813,51885,111939,,No
2025-09-04,Thursday,33504,28170,61674,25624,24162,49786,111460,,No
2025-09-05,Friday,30658,27421,58079,22836,29917,52753,110832,,No
2025-09-06,Saturday,32089,24412,56501,26085,24237,50322,106823,,No
2025-09-07,Sunday,42519,24656,67175,31975,22459,54434,121609,,No
2025-09-08,Monday,49226,30194,79420,27869,24315,52184,131604,,No
2025-09-09,Tuesday,38570,27790,66360,24837,22813,47650,114010,,No
2025-09-10,Wednesday,38176,26886,65062,26120,28366,54486,119548,,No
2025-09-11,Thursday,38738,26588,65326,26244,24019,50263,115589,,No
2025-09-12,Friday,35545,29346,64891,27001,31707,58708,123599,,No
2025-09-13,Saturday,34969,29676,64645,29172,30539,59711,124356,,No
2025-09-14,Sunday,39115,27332,66447,32486,26085,58571,125018,,No
2025-09-15,Monday,42448,31595,74043,27988,26496,54484,128527,,No
2025-09-16,Tuesday,36332,27525,63857,24432,25017,49449,113306,,No
2025-09-17,Wednesday,36096,27025,63121,25353,29663,55016,118137,,No
2025-09-18,Thursday,35661,26999,62660,24590,25419,50009,112669,,No
2025-09-19,Friday,33546,28129,61675,23908,32927,56835,118510,,No
2025-09-20,Saturday,35576,36262,71838,27131,34801,61932,133770,,No
2025-09-21,Sunday,32493,27235,59728,29495,29766,59261,118989,,No
2025-09-22,Monday,45635,33361,78996,27200,31535,58735,137731,,No
2025-09-23,Tuesday,38343,30380,68723,26434,30769,57203,125926,,No
2025-09-24,Wednesday,35469,33388,68857,28483,35906,64389,133246,,No
2025-09-25,Thursday,36256,34078,70334,28866,30854,59720,130054,,No
2025-09-26,Friday,31724,37509,69233,28399,37501,65900,135133,,No
2025-09-27,Saturday,32062,47208,79270,30272,36133,66405,145675,,No
2025-09-28,Sunday,32617,41828,74445,32053,31954,64007,138452,,No
2025-09-29,Monday,32264,35873,68137,27976,34493,62469,130606,,No
2025-09-30,Tuesday,28276,36829,65105,25045,32677,57722,122827,,No
2025-10-01,Wednesday,29616,46983,76599,26346,39636,65982,142581,,No
2025-10-02,Thursday,28035,27744,55779,29188,28992,58180,113959,Dussehra / Vijayadashami,Yes
2025-10-03,Friday,46473,28497,74970,33455,33078,66533,141503,,No
2025-10-04,Saturday,59256,29952,89208,37631,31945,69576,158784,,No
2025-10-05,Sunday,82291,30833,113124,39195,28376,67571,180695,,No
2025-10-06,Monday,78433,33829,112262,35962,30229,66191,178453,,No
2025-10-07,Tuesday,60528,28702,89230,34309,26722,61031,150261,,No
2025-10-08,Wednesday,55842,30537,86379,33427,32803,66230,152609,,No
2025-10-09,Thursday,47573,29249,76822,29798,26464,56262,133084,,No
2025-10-10,Friday,44135,30927,75062,28920,35261,64181,139243,,No
2025-10-11,Saturday,44762,32475,77237,32169,34297,66466,143703,,No
2025-10-12,Sunday,49808,31558,81366,35845,29679,65524,146890,,No
2025-10-13,Monday,51346,33629,84975,30718,29564,60282,145257,,No
2025-10-14,Tuesday,39004,28819,67823,27989,26104,54093,121916,,No
2025-10-15,Wednesday,38119,32429,70548,27803,32625,60428,130976,,No
2025-10-16,Thursday,37018,32204,69222,26513,27699,54212,123434,,No
2025-10-17,Friday,35565,40535,76100,25810,36973,62783,138883,,No
2025-10-18,Saturday,37123,54015,91138,28449,37045,65494,156632,,No
2025-10-19,Sunday,29579,38362,67941,25733,29502,55235,123176,,No
2025-10-20,Monday,28229,25684,53913,26054,22562,48616,102529,Diwali (Lakshmi Puja),Yes
2025-10-21,Tuesday,43461,27978,71439,34865,25260,60125,131564,,No
2025-10-22,Wednesday,52408,28643,81051,33355,31459,64814,145865,,No
2025-10-23,Thursday,48461,26937,75398,31360,26106,57466,132864,Bhai Dooj (approx.),Yes
2025-10-24,Friday,39049,27286,66335,29354,32471,61825,128160,,No
2025-10-25,Saturday,38921,29058,67979,33574,32901,66475,134454,,No
2025-10-26,Sunday,46208,27999,74207,36499,28162,64661,138868,,No
2025-10-27,Monday,46321,28465,74786,32034,28777,60811,135597,,No
2025-10-28,Tuesday,34738,23226,57964,22727,20605,43332,101296,,No
2025-10-29,Wednesday,29256,20090,49346,27670,28663,56333,105679,,No
2025-10-30,Thursday,33467,23852,57319,26508,27058,53566,110885,,No
2025-10-31,Friday,37267,31911,69178,28392,35628,64020,133198,,No
2025-11-01,Saturday,40409,36103,76512,31301,36130,67431,143943,,No
2025-11-02,Sunday,48143,32072,80215,35796,29859,65655,145870,,No
2025-11-03,Monday,50242,32583,82825,32293,29721,62014,144839,,No
2025-11-04,Tuesday,44548,32658,77206,30608,29316,59924,137130,,No
2025-11-05,Wednesday,37638,28310,65948,30295,32417,62712,128660,,No
2025-11-06,Thursday,43102,31930,75032,30152,29130,59282,134314,,No
2025-11-07,Friday,42632,35421,78053,31573,36789,68362,146415,,No
2025-11-08,Saturday,45905,36466,82371,33127,36230,69357,151728,,No
2025-11-09,Sunday,54495,33579,88074,36848,29624,66472,154546,,No
2025-11-10,Monday,55172,34631,89803,33219,30437,63656,153459,,No
2025-11-11,Tuesday,45506,28815,74321,31257,27085,58342,132663,,No
2025-11-12,Wednesday,43285,30424,73709,30052,33881,63933,137642,,No
2025-11-13,Thursday,41919,30294,72213,29901,28630,58531,130744,,No
2025-11-14,Friday,41925,33506,75431,30228,35341,65569,141000,,No
2025-11-15,Saturday,42384,36734,79118,33531,35949,69480,148598,,No
2025-11-16,Sunday,51861,33419,85280,35887,30460,66347,151627,,No
2025-11-17,Monday,53573,33297,86870,31447,29466,60913,147783,,No
2025-11-18,Tuesday,41880,28960,70840,29864,27559,57423,128263,,No
2025-11-19,Wednesday,38055,28620,66675,27305,31688,58993,125668,,No
2025-11-20,Thursday,38628,27372,66000,28097,27628,55725,121725,,No
2025-11-21,Friday,39994,33484,73478,30387,35505,65892,139370,,No
2025-11-22,Saturday,41783,37979,79762,33429,37482,70911,150673,,No
2025-11-23,Sunday,47073,33464,80537,36517,30874,67391,147928,,No
2025-11-24,Monday,50141,33952,84093,34265,32776,67041,151134,,No
2025-11-25,Tuesday,41694,32679,74373,31686,30917,62603,136976,,No
2025-11-26,Wednesday,42706,31897,74603,31649,35192,66841,141444,,No
2025-11-27,Thursday,42891,31044,73935,32168,30598,62766,136701,,No
2025-11-28,Friday,38834,31805,70639,29965,35695,65660,136299,,No
2025-11-29,Saturday,39839,33017,72856,32949,35937,68886,141742,,No
2025-11-30,Sunday,45222,32348,77570,37020,30039,67059,144629,,No
2025-12-01,Monday,53934,32333,86267,33529,30729,64258,150525,,No
2025-12-02,Tuesday,45217,29688,74905,31670,27261,58931,133836,,No
2025-12-03,Wednesday,44435,29413,73848,30550,32744,63294,137142,,No
2025-12-04,Thursday,39968,29276,69244,29652,27455,57107,126351,,No
2025-12-05,Friday,40550,31017,71567,30079,34204,64283,135850,,No
2025-12-06,Saturday,41393,32284,73677,33815,34528,68343,142020,,No
2025-12-07,Sunday,46741,30417,77158,36348,30403,66751,143909,,No
2025-12-08,Monday,49980,31257,81237,32737,29332,62069,143306,,No
2025-12-09,Tuesday,41747,31920,73667,30066,28160,58226,131893,,No
2025-12-10,Wednesday,38832,44487,83319,30107,34616,64723,148042,,No
2025-12-11,Thursday,43981,32245,76226,30235,29027,59262,135488,,No
2025-12-12,Friday,45386,32450,77836,30661,34953,65614,143450,,No
2025-12-13,Saturday,42337,44314,86651,32127,34541,66668,153319,,No
2025-12-14,Sunday,51428,32535,83963,34970,30481,65451,149414,,No
2025-12-15,Monday,56391,34666,91057,32791,30544,63335,154392,,No
2025-12-16,Tuesday,46061,44309,90370,29079,29323,58402,148772,,No
2025-12-17,Wednesday,46763,29382,76145,30186,33773,63959,140104,,No
2025-12-18,Thursday,46499,25823,72322,29902,28319,58221,130543,,No
2025-12-19,Friday,39850,27565,67415,29331,34349,63680,131095,,No
2025-12-20,Saturday,42792,31321,74113,32725,35208,67933,142046,,No
2025-12-21,Sunday,41466,26321,67787,33981,30248,64229,132016,,No
2025-12-22,Monday,43474,32319,75793,31863,33116,64979,140772,,No
2025-12-23,Tuesday,41203,33402,74605,30527,34052,64579,139184,,No
2025-12-24,Wednesday,40460,40786,81246,32225,39316,71541,152787,,No
2025-12-25,Thursday,37212,31063,68275,33977,33007,66984,135259,Christmas,Yes
2025-12-26,Friday,40774,29003,69777,31811,35766,67577,137354,,No
2025-12-27,Saturday,43086,29801,72887,37364,34505,71869,144756,,No
2025-12-28,Sunday,51657,30914,82571,38281,33267,71548,154119,,No
2025-12-29,Monday,44249,29794,74043,35549,31779,67328,141371,,No
2025-12-30,Tuesday,33166,29014,62180,30067,30164,60231,122411,,No
2025-12-31,Wednesday,27771,25755,53526,26933,34004,60937,114463,,No
2026-01-01,Thursday,31422,24102,55524,31233,27585,58818,114342,New Year's Day,Yes
2026-01-02,Friday,39872,26747,66619,32253,33077,65330,131949,,No
2026-01-03,Saturday,41582,29415,70997,34556,32784,67340,138337,,No
2026-01-04,Sunday,48221,29518,77739,36457,30604,67061,144800,,No
2026-01-05,Monday,46064,31715,77779,31612,30585,62197,139976,,No
2026-01-06,Tuesday,36898,27426,64324,25306,29968,55274,119598,,No
2026-01-07,Wednesday,36551,28681,65232,27063,34750,61813,127045,,No
2026-01-08,Thursday,38988,32186,71174,26953,34197,61150,132324,,No
2026-01-09,Friday,38111,40622,78733,28468,44739,73207,151940,,No
2026-01-10,Saturday,40597,54674,95271,32286,41561,73847,169118,,No
2026-01-11,Sunday,39495,48733,88228,31333,43330,74663,162891,,No
2026-01-12,Monday,38768,48250,87018,27782,41757,69539,156557,,No
2026-01-13,Tuesday,31221,50105,81326,24216,39190,63406,144732,Bhogi (Sankranti eve),Yes
2026-01-14,Wednesday,26843,38254,65097,25018,37297,62315,127412,Makar Sankranti,Yes
2026-01-15,Thursday,30825,25450,56275,30749,27432,58181,114456,Kanuma,Yes
2026-01-16,Friday,43613,26870,70483,34702,30828,65530,136013,,No
2026-01-17,Saturday,63396,29287,92683,41636,31712,73348,166031,,No
2026-01-18,Sunday,76224,30752,106976,45006,29756,74762,181738,,No
2026-01-19,Monday,89380,37137,126517,41505,28230,69735,196252,,No
2026-01-20,Tuesday,59931,32771,92702,33073,26546,59619,152321,,No
2026-01-21,Wednesday,54249,30387,84636,35261,30886,66147,150783,,No
2026-01-22,Thursday,47102,29627,76729,33089,28474,61563,138292,,No
2026-01-23,Friday,39883,31827,71710,31987,37255,69242,140952,,No
2026-01-24,Saturday,39479,39849,79328,32627,35339,67966,147294,,No
2026-01-25,Sunday,40405,31348,71753,35608,30292,65900,137653,,No
2026-01-26,Monday,56716,31190,87906,37216,31249,68465,156371,Republic Day,Yes
2026-01-27,Tuesday,46226,30612,76838,31113,27802,58915,135753,,No
2026-01-28,Wednesday,38522,31338,69860,30479,31329,61808,131668,,No
2026-01-29,Thursday,36711,28872,65583,28755,26973,55728,121311,,No
2026-01-30,Friday,37136,29049,66185,28219,34344,62563,128748,,No
2026-01-31,Saturday,42746,30170,72916,32836,33355,66191,139107,,No
2026-02-01,Sunday,49478,30363,79841,34738,29561,64299,144140,,No
2026-02-02,Monday,48739,30962,79701,31281,28372,59653,139354,,No
2026-02-03,Tuesday,40234,25854,66088,26981,26126,53107,119195,,No
2026-02-04,Wednesday,40748,26954,67702,29418,31765,61183,128885,,No
2026-02-05,Thursday,39346,26367,65713,29189,27547,56736,122449,,No
2026-02-06,Friday,35447,29523,64970,28658,34980,63638,128608,,No
2026-02-07,Saturday,39432,31776,71208,32187,32962,65149,136357,,No
2026-02-08,Sunday,43169,30354,73523,34597,30176,64773,138296,,No
2026-02-09,Monday,42704,32138,74842,30957,29651,60608,135450,,No
2026-02-10,Tuesday,36932,37881,74813,27574,29082,56656,131469,,No
2026-02-11,Wednesday,41005,33132,74137,30379,33410,63789,137926,,No
2026-02-12,Thursday,41706,28852,70558,30571,28806,59377,129935,,No
2026-02-13,Friday,36236,34485,70721,28514,35968,64482,135203,,No
2026-02-14,Saturday,33737,37908,71645,29603,33124,62727,134372,,No
2026-02-15,Sunday,33433,27065,60498,33106,28282,61388,121886,,No
2026-02-16,Monday,48452,28186,76638,33189,28281,61470,138108,,No
2026-02-17,Tuesday,42708,27354,70062,28136,27003,55139,125201,,No
2026-02-18,Wednesday,41473,30084,71557,30979,34038,65017,136574,,No
2026-02-19,Thursday,39820,30677,70497,30831,30774,61605,132102,,No
2026-02-20,Friday,35770,34314,70084,30057,36267,66324,136408,,No
2026-02-21,Saturday,38449,35815,74264,33955,34760,68715,142979,,No
2026-02-22,Sunday,45982,31688,77670,36047,30919,66966,144636,,No
2026-02-23,Monday,48756,32111,80867,32746,30455,63201,144068,,No
2026-02-24,Tuesday,36287,27206,63493,28867,29000,57867,121360,,No
2026-02-25,Wednesday,34292,28700,62992,30856,34471,65327,128319,,No
2026-02-26,Thursday,35259,27008,62267,30778,30551,61329,123596,,No
2026-02-27,Friday,34388,31370,65758,28481,36948,65429,131187,,No
2026-02-28,Saturday,35768,34104,69872,31902,34271,66173,136045,,No
2026-03-01,Sunday,42772,33478,76250,33649,30258,63907,140157,,No
2026-03-02,Monday,43688,31050,74738,28736,28064,56800,131538,,No
2026-03-03,Tuesday,27373,23125,50498,25013,26392,51405,101903,,No
2026-03-04,Wednesday,32896,26889,59785,27462,33327,60789,120574,Holi,Yes
2026-03-05,Thursday,38718,31963,70681,29631,30518,60149,130830,,No
2026-03-06,Friday,37769,32591,70360,29665,35603,65268,135628,,No
2026-03-07,Saturday,40311,33906,74217,33516,34330,67846,142063,,No
2026-03-08,Sunday,48567,28434,77001,35987,29352,65339,142340,,No
2026-03-09,Monday,48909,30430,79339,31690,28964,60654,139993,,No
2026-03-10,Tuesday,41795,27005,68800,27721,26035,53756,122556,,No
2026-03-11,Wednesday,38999,27017,66016,28676,32593,61269,127285,,No
2026-03-12,Thursday,38042,31024,69066,30001,30151,60152,129218,,No
2026-03-13,Friday,38094,35463,73557,28469,36604,65073,138630,,No
2026-03-14,Saturday,37908,37583,75491,31870,33947,65817,141308,,No
2026-03-15,Sunday,46507,32654,79161,35938,29825,65763,144924,,No
2026-03-16,Monday,47600,34913,82513,30547,29956,60503,143016,,No
2026-03-17,Tuesday,38169,35052,73221,25478,29720,55198,128419,,No
2026-03-18,Wednesday,35502,50158,85660,27741,37953,65694,151354,,No
2026-03-19,Thursday,28128,30696,58824,26556,31531,58087,116911,Ugadi (Telugu New Year),Yes
2026-03-20,Friday,34871,27412,62283,27299,35047,62346,124629,Eid al-Fitr (Ramzan),Yes
2026-03-21,Saturday,37582,25168,62750,34533,31651,66184,128934,,No
2026-03-22,Sunday,68465,29646,98111,38092,29989,68081,166192,,No
2026-03-23,Monday,64272,31453,95725,33873,29453,63326,159051,,No
2026-03-24,Tuesday,45289,28103,73392,29794,27276,57070,130462,,No
2026-03-25,Wednesday,38669,27626,66295,30236,33388,63624,129919,,No
2026-03-26,Thursday,36877,28595,65472,29285,30557,59842,125314,,No
2026-03-27,Friday,30086,25621,55707,28069,35012,63081,118788,,No
2026-03-28,Saturday,36487,28928,65415,32833,32913,65746,131161,,No
2026-03-29,Sunday,42409,27992,70401,36008,29686,65694,136095,,No
2026-03-30,Monday,40835,29130,69965,31976,29719,61695,131660,,No
2026-03-31,Tuesday,34248,28909,63157,27099,28811,55910,119067,,No
2026-04-01,Wednesday,37683,30792,68475,29491,35144,64635,133110,,No
2026-04-02,Thursday,40301,33898,74199,31576,30908,62484,136683,,No
2026-04-03,Friday,39095,32504,71599,29538,35481,65019,136618,,No
2026-04-04,Saturday,39317,31855,71172,33022,33034,66056,137228,,No
2026-04-05,Sunday,49582,30375,79957,36538,30831,67369,147326,,No
2026-04-06,Monday,53627,33416,87043,33235,29098,62333,149376,,No
2026-04-07,Tuesday,40857,28425,69282,28042,27065,55107,124389,,No
2026-04-08,Wednesday,38103,28913,67016,30040,34101,64141,131157,,No
2026-04-09,Thursday,39061,28343,67404,29924,29335,59259,126663,,No
2026-04-10,Friday,36333,36875,73208,29385,37529,66914,140122,,No
2026-04-11,Saturday,38263,37962,76225,33492,34378,67870,144095,,No
2026-04-12,Sunday,45557,32769,78326,35421,32002,67423,145749,,No
2026-04-13,Monday,47127,34149,81276,34772,31462,66234,147510,,No
2026-04-14,Tuesday,39362,30122,69484,28308,28635,56943,126427,,No
2026-04-15,Wednesday,38469,29499,67968,28608,34237,62845,130813,,No
2026-04-16,Thursday,36073,30013,66086,27691,28657,56348,122434,,No
2026-04-17,Friday,32053,31424,63477,26116,35807,61923,125400,,No
2026-04-18,Saturday,34972,33682,68654,31813,34190,66003,134657,,No
2026-04-19,Sunday,39598,33373,72971,34255,32815,67070,140041,,No
2026-04-20,Monday,41772,34377,76149,32303,32865,65168,141317,,No
2026-04-21,Tuesday,35042,28886,63928,26349,30019,56368,120296,,No
2026-04-22,Wednesday,40531,35080,75611,30390,36795,67185,142796,,No
2026-04-23,Thursday,44291,36580,80871,31749,33737,65486,146357,,No
2026-04-24,Friday,43178,38610,81788,31761,39200,70961,152749,,No
2026-04-25,Saturday,39329,40455,79784,34870,36457,71327,151111,,No
2026-04-26,Sunday,43305,34836,78141,36021,34927,70948,149089,,No
2026-04-27,Monday,49679,36096,85775,36077,32826,68903,154678,,No
2026-04-28,Tuesday,41046,34716,75762,29008,31816,60824,136586,,No
2026-04-29,Wednesday,40349,35782,76131,32774,36762,69536,145667,,No
2026-04-30,Thursday,42422,44239,86661,34671,35024,69695,156356,,No
2026-05-01,Friday,48117,42188,90305,34463,38336,72799,163104,,No
2026-05-02,Saturday,49258,31858,81116,34493,33221,67714,148830,,No
2026-05-03,Sunday,54472,26085,80557,34682,30484,65166,145723,,No
2026-05-04,Monday,57849,29892,87741,33940,29807,63747,151488,,No
2026-05-05,Tuesday,44526,28334,72860,27774,27679,55453,128313,,No
2026-05-06,Wednesday,48054,34882,82936,34075,36196,70271,153207,,No
2026-05-07,Thursday,47537,35433,82970,34823,32306,67129,150099,,No
2026-05-08,Friday,50892,40145,91037,33734,38311,72045,163082,,No
2026-05-09,Saturday,52121,41130,93251,36228,35671,71899,165150,,No
2026-05-10,Sunday,60000,36573,96573,38392,33467,71859,168432,,No
2026-05-11,Monday,60233,34831,95064,37009,32679,69688,164752,,No
2026-05-12,Tuesday,46208,32799,79007,31132,30800,61932,140939,,No
2026-05-13,Wednesday,51504,34271,85775,34526,35878,70404,156179,,No
2026-05-14,Thursday,51149,31475,82624,35316,30626,65942,148566,,No
2026-05-15,Friday,49054,32450,81504,33097,37248,70345,151849,,No
2026-05-16,Saturday,44650,33780,78430,35691,35242,70933,149363,,No
2026-05-17,Sunday,54481,34201,88682,38580,32610,71190,159872,,No
2026-05-18,Monday,59364,35576,94940,37067,32948,70015,164955,,No
2026-05-19,Tuesday,47153,32870,80023,31254,29730,60984,141007,,No
2026-05-20,Wednesday,50273,33497,83770,33945,35707,69652,153422,,No
2026-05-21,Thursday,50246,33229,83475,34003,31313,65316,148791,,No
2026-05-22,Friday,43953,35199,79152,33120,37861,70981,150133,,No
2026-05-23,Saturday,43507,36793,80300,35963,35518,71481,151781,,No
2026-05-24,Sunday,42749,31287,74036,37656,34983,72639,146675,,No
2026-05-25,Monday,49942,36540,86482,37126,33487,70613,157095,,No
2026-05-26,Tuesday,44604,32434,77038,31125,30382,61507,138545,,No
2026-05-27,Wednesday,42688,31993,74681,33382,35530,68912,143593,,No
2026-05-28,Thursday,41172,29191,70363,34173,30739,64912,135275,Eid al-Adha (Bakrid),Yes
2026-05-29,Friday,41664,33255,74919,32412,36997,69409,144328,,No
2026-05-30,Saturday,43221,34984,78205,36314,35699,72013,150218,,No
2026-05-31,Sunday,48483,31802,80285,38440,33926,72366,152651,,No
2026-06-01,Monday,57861,35174,93035,38029,31845,69874,162909,,No
2026-06-02,Tuesday,51616,31829,83445,33242,29738,62980,146425,,No
2026-06-03,Wednesday,53292,31867,85159,35353,33768,69121,154280,,No
2026-06-04,Thursday,50797,30603,81400,35076,30035,65111,146511,,No
2026-06-05,Friday,46809,34198,81007,34245,36995,71240,152247,,No
2026-06-06,Saturday,48827,38325,87152,36336,34581,70917,158069,,No
2026-06-07,Sunday,58206,34649,92855,38865,33191,72056,164911,,No
2026-06-08,Monday,60306,38036,98342,37896,31069,68965,167307,,No
2026-06-09,Tuesday,49026,37044,86070,32090,30391,62481,148551,,No
2026-06-10,Wednesday,49455,37336,86791,34671,35734,70405,157196,,No
2026-06-11,Thursday,47201,34823,82024,33457,30874,64331,146355,,No
2026-06-12,Friday,45874,36568,82442,33825,37732,71557,153999,,No
2026-06-13,Saturday,45227,37649,82876,36013,34617,70630,153506,,No
2026-06-14,Sunday,48934,37197,86131,37650,33052,70702,156833,,No
2026-06-15,Monday,52819,38426,91245,35936,31292,67228,158473,,No
2026-06-16,Tuesday,45886,36527,82413,29812,30001,59813,142226,,No
2026-06-17,Wednesday,45849,36098,81947,33145,35364,68509,150456,,No
2026-06-18,Thursday,45755,33045,78800,32366,30426,62792,141592,,No
2026-06-19,Friday,40727,35371,76098,31632,37710,69342,145440,,No
2026-06-20,Saturday,42614,35742,78356,34084,34649,68733,147089,,No
2026-06-21,Sunday,48237,32076,80313,37163,33549,70712,151025,,No
2026-06-22,Monday,50236,35464,85700,36177,32018,68195,153895,,No
2026-06-23,Tuesday,40694,32728,73422,30181,30835,61016,134438,,No
2026-06-24,Wednesday,40924,34915,75839,33669,35461,69130,144969,,No
2026-06-25,Thursday,40981,34482,75463,34663,31337,66000,141463,,No
2026-06-26,Friday,38060,34680,72740,32229,37096,69325,142065,Muharram,Yes
2026-06-27,Saturday,42345,31723,74068,34682,33841,68523,142591,,No
2026-06-28,Sunday,50468,31299,81767,37745,33387,71132,152899,,No
2026-06-29,Monday,51917,31862,83779,36136,30969,67105,150884,,No
2026-06-30,Tuesday,43011,31572,74583,29989,29832,59821,134404,,No
2026-07-01,Wednesday,47683,34192,81875,32753,35017,67770,149645,,No
2026-07-02,Thursday,48003,32428,80431,33470,29848,63318,143749,,No
2026-07-03,Friday,43888,34500,78388,32712,36795,69507,147895,,No
2026-07-04,Saturday,45540,34111,79651,35266,34677,69943,149594,,No
2026-07-05,Sunday,53551,30915,84466,37768,32612,70380,154846,,No
2026-07-06,Monday,58536,34749,93285,37324,29679,67003,160288,,No
2026-07-07,Tuesday,46365,31170,77535,30060,27798,57858,135393,,No
2026-07-08,Wednesday,48401,30767,79168,32343,33946,66289,145457,,No
2026-07-09,Thursday,45794,30108,75902,33240,28838,62078,137980,,No
2026-07-10,Friday,46616,37473,84089,32738,37341,70079,154168,,No
2026-07-11,Saturday,46286,37370,83656,34754,33669,68423,152079,,No
2026-07-12,Sunday,53886,35020,88906,37323,32786,70109,159015,,No
2026-07-13,Monday,57878,36124,94002,36111,29595,65706,159708,,No
2026-07-14,Tuesday,43383,32050,75433,28685,26857,55542,130975,,No
2026-07-15,Wednesday,44708,32107,76815,31561,33279,64840,141655,,No
2026-07-16,Thursday,43548,30463,74011,31572,27660,59232,133243,,No
2026-07-17,Friday,39576,32593,72169,30627,36079,66706,138875,,No
2026-07-18,Saturday,40494,32987,73481,33833,33490,67323,140804,,No
2026-07-19,Sunday,46459,29991,76450,36619,30927,67546,143996,,No
2026-07-20,Monday,51378,33380,84758,34656,29463,64119,148877,,No
2026-07-21,Tuesday,41822,28533,70355,27796,26809,54605,124960,,No
2026-07-22,Wednesday,39133,28159,67292,29418,31123,60541,127833,,No
2026-07-23,Thursday,38889,27923,66812,29811,27020,56831,123643,,No
2026-07-24,Friday,36243,33351,69594,30528,36152,66680,136274,,No
2026-07-25,Saturday,37989,32246,70235,33673,33029,66702,136937,,No
2026-07-26,Sunday,45535,29912,75447,36783,31371,68154,143601,,No
2026-07-27,Monday,50487,33427,83914,34843,29564,64407,148321,,No
2026-07-28,Tuesday,39359,28474,67833,27647,26246,53893,121726,,No
2026-07-29,Wednesday,35118,25805,60923,28563,29761,58324,119247,,No
2026-07-30,Thursday,34823,25280,60103,28494,26166,54660,114763,,No
2026-07-31,Friday,34688,30536,65224,28476,35037,63513,128737,,No
2026-08-01,Saturday,40786,31856,72642,32228,32092,64320,136962,,No
2026-08-02,Sunday,44653,29810,74463,35222,30685,65907,140370,,No
2026-08-03,Monday,48911,32523,81434,33965,27888,61853,143287,,No
2026-08-04,Tuesday,41184,29513,70697,27916,26524,54440,125137,,No
2026-08-05,Wednesday,41804,28442,70246,28896,31203,60099,130345,,No
2026-08-06,Thursday,42120,28128,70248,29055,26745,55800,126048,,No
2026-08-07,Friday,41559,33735,75294,31818,35608,67426,142720,,No
2026-08-08,Saturday,53670,36428,90098,33168,34217,67385,157483,,No
2026-08-09,Sunday,43370,28939,72309,34554,32415,66969,139278,,No
2026-08-10,Monday,53955,41627,95582,35752,31258,67010,162592,,No
2026-08-11,Tuesday,44463,38056,82519,28406,28897,57303,139822,,No
2026-08-12,Wednesday,38695,32382,71077,28626,32401,61027,132104,,No
2026-08-13,Thursday,41360,35028,76388,30844,30938,61782,138170,,No
2026-08-14,Friday,40270,45514,85784,31202,39349,70551,156335,,No
2026-08-15,Saturday,39204,41312,80516,34792,35257,70049,150565,Independence Day,Yes
2026-08-16,Sunday,52211,33786,85997,36342,33436,69778,155775,,No
2026-08-17,Monday,57330,33880,91210,36344,29449,65793,157003,,No
2026-08-18,Tuesday,42547,29629,72176,29022,27551,56573,128749,,No
2026-08-19,Wednesday,39914,29445,69359,29645,33045,62690,132049,,No
2026-08-20,Thursday,42609,30472,73081,14600,1441,16041,89122,,No
2026-08-21,Friday,35468,31389,66857,30474,37332,67806,134663,,No
2026-08-22,Saturday,40524,35377,75901,34513,35554,70067,145968,,No
2026-08-23,Sunday,45426,32986,78412,36464,34073,70537,148949,,No
2026-08-24,Monday,45998,34329,80327,34820,31606,66426,146753,,No
2026-08-25,Tuesday,34586,31963,66549,29995,32240,62235,128784,,No
